_id,request_id,generated_at,keyword,country,region,language,sources_used,aliexpress_query.ship_to_country,aliexpress_query.target_currency,aliexpress_query.target_language,ali_avg_sale_price,ali_avg_evaluate_rate,category_name,trends_count,trends_mean,trends_max,trends_min,trends_std,trends_first_date,trends_first_value,trends_last_date,trends_last_value,trends_slope,yt_total_views,yt_total_likes,yt_total_comments,yt_videos_count,month,quarter,day_of_week,week_of_year,trend_growth,trend_acceleration,stability_score,social_velocity,comment_ratio,interaction_balance,trend_quality,price_score,value_score,volatility,momentum_strength,consistency_score,engagement_quality,rolling_slope_7d,rolling_slope_30d,days_trending,acceleration_change,trend_score,engagement_rate
69e90a6c9b0c1ad1c0b23ec8,27cf083f-16a0-4505-8f45-bd5f3de67e27,2026-04-22 17:50:34.577,patin electrico,MX,MX,es,"['google_trends', 'youtube', 'aliexpress']",MX,MXN,ES,49.776,94.52,Sports & Entertainment,91,57.86813186813187,100,0,15.507853774572702,2026-01-22,71,2026-04-22,40,-0.1202261506609332,3437.0,88.0,3.0,4.0,4,2,2,17,-31,-0.33695652173913043,3.5054909413643482,18.2,0.033707865168539325,0.043478260869565216,-0.42145168205700667,0.0196943437844651,1.8615093745076412,0.26343376768454657,-10.940579710144922,1.8408766095171638e-07,0.033707865168539325,0.0,0.0,0,0.0,30.646796246292027,0.02646887725421757
69e90d837edc34d5f95f1b0d,dbd25196-e9f4-4a52-b47d-f781784ed2ca,2026-04-22 18:03:43.227,Mochila impermeable,MX,MX,es,"['google_trends', 'youtube', 'aliexpress']",MX,MXN,ES,171.33800000000002,84.62,Luggage & Bags,31,14.225806451612904,100,0,19.887533243080284,2026-03-23,0,2026-04-22,27,1.038709677419355,3041.0,56.0,57.0,33.0,4,2,2,17,27,0.84375,0.6810668491132477,3.323529411764706,1.0,0.5087719298245614,0.7074307271434379,0.0058025508013322645,0.4910118488087363,1.3061727341853575,32.2,2.306503159562086e-09,1.0,0.0,0.0,0,0.0,32.99857576261765,0.03714661406969099
69e9a90b07f4eccd1fde79c3,8ab91d8d-85c7-4202-ad72-14f1d7c8e33a,2026-04-23 05:06:27.704,arduino,MX,MX,es,"['google_trends', 'youtube', 'aliexpress']",MX,MXN,ES,25.885,97.79,Electronic Components & Supplies,91,55.43956043956044,100,26,15.069622712381651,2026-01-22,43,2026-04-22,69,0.067287784679089,4777.0,192.0,24.0,4.0,4,2,3,17,26,0.2826086956521739,3.449960302854169,43.2,0.12435233160621761,0.1152073732718894,0.232140186009856,0.037195462153617256,3.637344244002232,0.26700460802701137,6.123188405797099,2.8532906394860963e-07,0.12435233160621761,0.0,0.0,0,0.0,36.17410004437568,0.045207199665131856
69e9aacb07f4eccd1fde7a31,a73a5da0-327e-450b-9f09-de37c8822bb7,2026-04-23 05:14:02.683,microfonos,MX,MX,es,"['google_trends', 'youtube', 'aliexpress']",MX,MXN,ES,108.609,90.75,Consumer Electronics,91,62.12087912087912,100,34,11.641721106849726,2026-01-22,67,2026-04-22,66,0.0812071985985029,7662.0,146.0,11.0,7.0,4,2,3,17,-1,-0.010869565217391304,4.913957411006311,19.625,0.07482993197278912,0.0759493670886076,0.39904871538017456,0.009123338411991717,0.8279429608882483,0.18443534483344798,7.389855072463764,8.791536093683645e-06,0.07482993197278912,0.0,0.0,0,0.0,29.24293960551746,0.020488059506720606
69e9ab3407f4eccd1fde7aa2,894e3e45-5436-48ae-9b27-47a7a1e4f202,2026-04-23 05:15:17.253,teclados,MX,MX,es,"['google_trends', 'youtube', 'aliexpress']",MX,MXN,ES,249.195,90.06,Computer & Office,91,60.43956043956044,100,30,13.52627795663667,2026-01-22,64,2026-04-22,49,-0.2422200987418378,1069.0,8.0,0.0,1.0,4,2,3,17,-15,-0.16304347826086957,4.160705214369605,4.0,0.0,0.1111111111111111,-1.0078064278602852,0.003996882431703271,0.35995923179919664,0.22015583867893707,-22.04202898550724,1.335402308756323e-06,0.0,0.0,0.0,0,0.0,24.719073680335246,0.007476635514018692
69e9ac1807f4eccd1fde7b7d,e69ceca8-d73d-44fc-affa-52f4dd9eeda5,2026-04-23 05:19:35.201,tenis puma,MX,MX,es,"['google_trends', 'youtube', 'aliexpress']",MX,MXN,ES,492.369,4.67,"Sports Shoes,Clothing&Accessories",91,71.5934065934066,100,52,10.481706839354857,2026-01-22,71,2026-04-22,61,-0.0697722567287784,24069.0,968.0,43.0,6.0,4,2,3,17,-10,-0.10869565217391304,6.235432379096464,144.42857142857142,0.04437564499484004,0.043478260869565216,-0.435060188769256,0.0020268804890457245,0.009465531883843532,0.1443892404452455,-6.349275362318835,2.8044813659798545e-05,0.04437564499484004,0.0,0.0,0,0.0,25.97809578320255,0.04200249272953885
69e9acfb07f4eccd1fde7bed,0ce67ce1-5887-461e-b426-7bab87cb692e,2026-04-23 05:23:12.020,laptop hp,MX,MX,es,"['google_trends', 'youtube', 'aliexpress']",MX,MXN,ES,51.21,97.91,Computer & Office,91,43.05494505494506,100,28,11.477865304201469,2026-01-22,94,2026-04-22,37,-0.1116260551043159,5088.0,179.0,15.0,6.0,4,2,3,17,-57,-0.6195652173913043,3.4505056758745316,27.714285714285715,0.08333333333333333,0.08205128205128205,-0.3851663367129253,0.01915341888527102,1.8753112430568855,0.26053523139993356,-10.157971014492748,1.0356820143516033e-05,0.08333333333333333,0.0,0.0,0,0.0,29.33115800213643,0.03812143839654156
69e9adf707f4eccd1fde7c5d,e9e3ae2d-a760-452e-b558-b4133c74ce68,2026-04-23 05:27:28.665,chamarras,MX,MX,es,"['google_trends', 'youtube', 'aliexpress']",MX,MXN,ES,40.668,92.1,Home & Garden,91,48.08791208791209,100,27,18.06079138886737,2026-01-22,67,2026-04-22,32,-0.4920688007644529,130029.0,2344.0,82.0,47.0,4,2,3,17,-35,-0.3804347826086957,2.5228706986425693,50.541666666666664,0.034968017057569294,0.03419859909353111,-1.2414259591648267,0.023999232024575216,2.210329269463377,0.3679274717678376,-44.778260869565216,1.4331708327223935e-08,0.034968017057569294,0.0,0.0,0,0.0,25.733828554288156,0.018657232946243173
69e9ae6a07f4eccd1fde7cf6,2047c5e3-1dcd-4412-af1e-dd697b92d9d7,2026-04-23 05:29:23.533,pantallas,MX,MX,es,"['google_trends', 'youtube', 'aliexpress']",MX,MXN,ES,16.112000000000002,92.4,Phones & Telecommunications Accessories,91,82.81318681318682,100,66,6.686490672180548,2026-01-22,94,2026-04-22,83,-0.0123268036311514,57414.0,449.0,13.0,48.0,4,2,3,17,-11,-0.11956521739130435,10.773861615796887,9.428571428571429,0.028888888888888888,0.03023758099352052,-0.13280727648712776,0.058438522674146794,5.399719495091164,0.07977850415214761,-1.1217391304347772,0.001247653524498198,0.028888888888888888,0.0,0.0,0,0.0,27.534153681305117,0.00804667769746582
69e9aebe07f4eccd1fde7d90,940d8d50-468f-47bd-97e1-5ce6e72986dd,2026-04-23 05:30:49.119,usb,MX,MX,es,"['google_trends', 'youtube', 'aliexpress']",MX,MXN,ES,23.381,97.51,Lights & Lighting,91,83.82417582417582,100,68,6.932361160357361,2026-01-22,92,2026-04-22,83,0.0262780697563306,638.0,74.0,11.0,2.0,4,2,3,17,-9,-0.09782608695652174,10.567367537813855,28.333333333333332,0.14666666666666667,0.13953488372093023,0.277690021299456,0.041015544891513885,3.999425782371519,0.0817262424656717,2.3913043478260847,0.0009756943755867393,0.14666666666666667,0.0,0.0,0,0.0,59.82671291948614,0.13302034428794993
69e9b125bd579ee50665257e,3201aaa2-b2d8-4f0a-bebf-663d096f655a,2026-04-23 05:41:06.739,jaulas,MX,MX,es,"['google_trends', 'youtube', 'aliexpress']",MX,MXN,ES,39.81888888888889,94.4,Home & Garden,91,55.24175824175824,100,0,15.172592731882386,2026-01-22,64,2026-04-22,52,0.0388119127249561,4615790.0,73765.0,548.0,46.0,4,2,3,17,-12,-0.13043478260869565,3.4157638887953654,1581.127659574468,0.0074288967817151535,0.007387571655408133,0.13257232994098236,0.024498462040994092,2.312654816669842,0.26977450930076147,3.531884057971005,2.574107620937541e-07,0.0074288967817151535,0.0,0.0,0,0.0,42.21883654334616,0.016099732418560546
69e9b1a6bd579ee506652615,d834dcfb-91c2-4fe5-b192-886943ea7685,2026-04-23 05:43:12.932,iphone,MX,MX,es,"['google_trends', 'youtube', 'aliexpress']",MX,MXN,ES,16.615000000000002,97.38,Phones & Telecommunications Accessories,91,65.2967032967033,100,54,8.561534786466613,2026-01-22,71,2026-04-22,54,-0.1431438127090301,697887.0,24479.0,582.0,10.0,4,2,3,17,-17,-0.18478260869565216,6.829102728269544,2278.2727272727275,0.023774509803921567,0.02326230947250818,-0.9775438019061421,0.056769798467215436,5.528242974737439,0.12913967604317284,-13.026086956521738,0.00019132542451270174,0.023774509803921567,0.0,0.0,0,0.0,34.561431349976914,0.035909773488009535
69e9b1fabd579ee506652689,baeef428-b1b9-4d1b-b743-e2df94b0ce33,2026-04-23 05:44:43.095,destornillador electrico,MX,MX,es,"['google_trends', 'youtube', 'aliexpress']",MX,MXN,ES,33.944,95.97,Tools,91,3.989010989010989,100,0,12.324766849716786,2026-01-22,0,2026-04-22,20,0.1409300844083452,541032.0,19235.0,569.0,39.0,4,2,3,17,20,0.21739130434782608,0.29936816411131234,495.1,0.029579954252443336,0.028780610956829083,0.04218998063737859,0.028617216117216116,2.7463942307692304,2.4703827826524836,12.824637681159412,4.440396650923402e-06,0.029579954252443336,0.0,0.0,0,0.0,25.37128632278006,0.03660405187853606
69e9b2a2bd579ee50665271a,20acd268-bcd6-447b-a44e-a1abdd378ea5,2026-04-23 05:47:22.037,teclado dareu,MX,MX,es,"['google_trends', 'youtube', 'aliexpress']",MX,MXN,ES,440.086,39.33,Computer & Office,91,1.098901098901099,100,0,10.482848367219182,2026-01-22,0,2026-04-22,0,0.0445930880713489,,,,,4,2,3,17,0,0.0,0.09569934773659486,0.0,0.0,1.0,0.004267529441988618,0.002267131579782627,0.08916628503285073,4.994446080716992,4.05797101449275,2.8012817989005377e-05,0.0,0.0,0.0,0,0.0,6.084988385993673,0.0
69e9b2e9bd579ee506652784,5aaf0dbd-6d67-4e5a-aa2a-f309f4261b63,2026-04-23 05:48:42.766,anillo remoto,MX,MX,es,"['google_trends', 'youtube', 'aliexpress']",MX,MXN,ES,127.77285714285712,90.85714285714286,Consumer Electronics,91,1.098901098901099,100,0,10.482848367219182,2026-01-22,0,2026-04-22,0,0.020703933747412,2717.0,47.0,24.0,12.0,4,2,3,17,0,0.0,0.09569934773659486,5.461538461538462,0.5,0.3472222222222222,0.0019813529552090026,0.007765611652854974,0.7055612873165377,4.994446080716992,1.884057971014492,2.8012817989005377e-05,0.5,0.0,0.0,0,0.0,17.79013916827813,0.02612214863870493
69e9b3c7bd579ee5066527f7,2bcd16dd-736b-483e-b2f5-aad2cbad2ff8,2026-04-23 05:52:28.568,aspiradora portatil,MX,MX,es,"['google_trends', 'youtube', 'aliexpress']",MX,MXN,ES,120.219,91.78,Home Appliances,91,2.5494505494505493,100,0,10.961816289348056,2026-01-22,0,2026-04-22,5,0.0665551839464883,173826.0,4265.0,87.0,12.0,4,2,3,17,5,0.05434782608695652,0.2131323945946924,334.7692307692308,0.020393811533052038,0.02021594302779692,0.01418506572720528,0.008249531839068134,0.7571420321896732,3.0883135675872233,6.056521739130435,1.7351765664412572e-05,0.020393811533052038,0.0,0.0,0,0.0,19.000859102912912,0.025036386752345725
69e9b425bd579ee50665286d,e8f6a95f-c390-480f-9fdd-35a3fe5954b9,2026-04-23 05:54:02.187,reloj ventilador,MX,MX,es,"['google_trends', 'youtube', 'aliexpress']",MX,MXN,ES,150.01,93.26,Home Appliances,91,3.076923076923077,100,0,14.9318680599811,2026-01-22,0,2026-04-22,0,0.1640388596910336,177004.0,997.0,4.0,6.0,4,2,3,17,0,0.0,0.19313008777997168,143.0,0.004008016032064128,0.00499001996007984,0.03168083937145578,0.006622078008078936,0.6175749950334416,3.6625336750897044,14.927536231884059,3.274704352535211e-07,0.004008016032064128,0.0,0.0,0,0.0,16.66644577816471,0.005655207480014689
69e9b47bbd579ee5066528dd,283ed5f5-ed6f-44f2-8c8e-394a2c284ca3,2026-04-23 05:55:21.758,luz pastillo baseus,MX,MX,es,"['google_trends', 'youtube', 'aliexpress']",MX,MXN,ES,77.05111111111111,94.32222222222222,Lights & Lighting,91,1.098901098901099,100,0,10.482848367219182,2026-01-22,0,2026-04-22,0,0.0191113234591495,,,,,4,2,3,17,0,0.0,0.09569934773659486,0.0,0.0,1.0,0.0018289411894236909,0.012812117415938275,1.2084673860433335,4.994446080716992,1.7391304347826044,2.8012817989005377e-05,0.0,0.0,0.0,0,0.0,11.497750064030448,0.0
69e9b755bd579ee506652946,6bf05d25-9272-4255-9935-1011171c98a3,2026-04-23 06:07:24.550,power bank,MX,MX,es,"['google_trends', 'youtube', 'aliexpress']",MX,MXN,ES,29.314,93.67,Lights & Lighting,91,50.5054945054945,100,32,11.721180852886816,2026-01-23,50,2026-04-23,32,-0.0306577480490523,1357.0,26.0,1.0,1.0,4,2,3,17,-18,-0.1956521739130435,3.9701891742253856,13.5,0.037037037037037035,0.07142857142857142,-0.12171705941047688,0.032988058322887114,3.089991423104836,0.22757146524700245,-2.789855072463759,8.119996353340257e-06,0.037037037037037035,0.0,0.0,0,0.0,26.266939194638297,0.019882179675994108
69e9b7c6bd579ee5066529b1,4969d089-c742-4e41-8062-9c63e6972711,2026-04-23 06:09:17.883,ventilador de cuello,MX,MX,es,"['google_trends', 'youtube', 'aliexpress']",MX,MXN,ES,68.80199999999999,93.09,Home Appliances,91,3.5164835164835164,100,0,11.99755774903342,2026-01-23,0,2026-04-23,0,0.1129638477464564,5938.0,66.0,2.0,20.0,4,2,3,17,0,0.0,0.27054955895426,3.238095238095238,0.029850746268656716,0.043478260869565216,0.03056231918557996,0.014326237070571046,1.3336294088994587,2.6563935648711468,10.279710144927533,6.159236400666372e-06,0.029850746268656716,0.0,0.0,0,0.0,15.943698769093768,0.011449739013301903
69e9b810bd579ee506652a2f,629f4537-1387-4bb5-8616-206a678f95d9,2026-04-23 06:10:45.644,bocina retro,MX,MX,es,"['google_trends', 'youtube', 'aliexpress']",MX,MXN,ES,21.065,68.15,Sports & Entertainment,91,1.098901098901099,100,0,10.482848367219184,2026-01-23,0,2026-04-23,0,0.0684822423952858,13818.0,245.0,16.0,12.0,4,2,3,17,0,0.0,0.09569934773659484,20.076923076923077,0.06504065040650407,0.0648854961832061,0.006553705928768234,0.04532064355313845,3.0886018581463857,4.994446080716993,6.231884057971008,2.801281798900533e-05,0.06504065040650407,0.0,0.0,0,0.0,13.378560413208788,0.018887039583182576
69e9ba82fd442dc3a69cdba5,20ff9613-ae04-45d7-a6c6-48e6c15022ab,2026-04-23 06:19:51.761,laser pointer,MX,MX,es,"['google_trends', 'youtube', 'aliexpress']",MX,MXN,ES,48.03888888888889,94.65555555555557,Sports & Entertainment,91,1.989010989010989,100,0,11.993048454551127,2026-01-23,0,2026-04-23,0,0.114890906195254,2.0,0.0,0.0,2.0,4,2,3,17,0,0.0,0.15308270387572442,0.0,0.0,1.0,0.0175878105711017,0.020391979154865753,1.9302141157811261,4.012380181485855,10.455072463768113,6.187072925759176e-06,0.0,0.0,0.0,0,0.0,12.902603082220134,0.0
69e9fb4b4d28cb7da6d875c4,638e2ff0-9c2a-4477-b198-13a53e4f8258,2026-04-23 10:57:57.300,lavamanos,MX,MX,es,"['google_trends', 'youtube', 'aliexpress']",MX,MXN,ES,23.96,93.09,Home & Garden,31,71.19354838709677,100,50,11.0917968332118,2026-03-24,67,2026-04-23,61,-0.2221774193548387,100128.0,869.0,15.0,45.0,4,2,3,17,-6,-0.1875,5.887755919910414,19.217391304347824,0.017241379310344827,0.01807909604519774,-1.3081264160768702,0.04006410256410256,3.7295673076923075,0.15363972378443513,-6.887499999999999,1.5236802594748473e-05,0.017241379310344827,0.0,0.0,0,0.0,26.3060427597484,0.008828611091691719
69e9fc454d28cb7da6d8761f,c40c22ba-fb79-44df-8c02-17e14845f0c6,2026-04-23 11:01:37.127,ducha,MX,MX,es,"['google_trends', 'youtube', 'aliexpress']",MX,MXN,ES,17.613,91.24,Home & Garden,31,84.96774193548387,100,73,7.985336022851475,2026-03-24,88,2026-04-23,92,-0.1366935483870968,30801.0,463.0,17.0,31.0,4,2,3,17,4,0.125,9.456267603058386,15.0,0.036637931034482756,0.037422037422037424,-1.2926107731599974,0.05372589050663515,4.901950249825391,0.09288758600690271,-4.237500000000001,0.00034041808879658347,0.036637931034482756,0.0,0.0,0,0.0,29.461533673809534,0.015583403675086033
69e9fd064d28cb7da6d8766c,41c9a2f3-4b4e-4e94-854b-c70414de745e,2026-04-23 11:03:52.181,cajas de carton,MX,MX,es,"['google_trends', 'youtube', 'aliexpress']",MX,MXN,ES,24.048,94.93,Jewelry & Accessories,31,67.64516129032258,100,0,26.210110500971147,2026-03-24,67,2026-04-23,65,0.8657258064516129,1142104.0,13554.0,658.0,42.0,4,2,3,17,-2,-0.0625,2.486030377859299,330.51162790697674,0.04854297307266691,0.04636600295504116,2.1522206537354496,0.03992334717342702,3.7899233471734277,0.3818202187641474,26.8375,4.140889479816309e-12,0.04854297307266691,0.0,0.0,0,0.0,43.57948638026982,0.012443689503154264
69e9fdea4d28cb7da6d876c4,e178b70a-be8b-4756-b466-a71fa40f63c1,2026-04-23 11:08:35.657,faros led para carro,MX,MX,es,"['google_trends', 'youtube', 'aliexpress']",MX,MXN,ES,72.96900000000001,91.02,"Automobiles, Parts & Accessories",31,24.90322580645161,100,0,37.19798815232681,2026-03-24,0,2026-04-23,0,2.2520161290322576,147370.0,13121.0,606.0,27.0,4,2,3,17,0,0.0,0.6519512417026246,490.25,0.04618198445358939,0.044216200466200464,1.4682047116569186,0.01351917695250713,1.230515486217199,1.4360369025182207,69.81249999999999,7.000337964774913e-17,0.04618198445358939,0.0,0.0,0,0.0,66.11540213518698,0.09314586994727592
69e9fe494d28cb7da6d8770d,b22cc8ff-449a-4908-b846-412b1b904a29,2026-04-23 11:10:47.822,lavadora,MX,MX,es,"['google_trends', 'youtube', 'aliexpress']",MX,MXN,ES,20.329,91.39,Home & Garden,31,88.48387096774194,100,69,7.219745922315809,2026-03-24,82,2026-04-23,69,-0.1181451612903225,330537.0,16035.0,139.0,29.0,4,2,3,17,-13,-0.40625,10.76479392477532,539.1333333333333,0.008667997006734847,0.00865533230293663,-1.271808314499664,0.04688452341881945,4.284776595245909,0.08068209213835259,-3.6624999999999974,0.0007319883771672721,0.008667997006734847,0.0,0.0,0,0.0,39.70340745588953,0.04893234665908307
69e9fe994d28cb7da6d87758,afe59d7f-b3de-40c1-b667-48a5a70ad96c,2026-04-23 11:12:09.807,cortina plastica,MX,MX,es,"['google_trends', 'youtube', 'aliexpress']",MX,MXN,ES,27.535,93.02,Home & Garden,31,3.225806451612903,100,0,17.960530202677486,2026-03-24,0,2026-04-23,0,0.0806451612903225,,,,,4,2,3,17,0,0.0,0.17013271343843409,0.0,0.0,1.0,0.013720380116002734,0.035044681969511125,3.259856316803925,4.250201803687039,2.4999999999999973,1.5843124714622647e-08,0.0,0.0,0.0,0,0.0,15.333674333513763,0.0
69ea00674d28cb7da6d87786,3fc8135d-1189-428a-9a51-4edf35abc42d,2026-04-23 11:19:43.217,mouse inalambrico,MX,MX,es,"['google_trends', 'youtube', 'aliexpress']",MX,MXN,ES,36.523,93.17,Computer & Office,31,50.903225806451616,100,0,26.626246247777992,2026-03-24,89,2026-04-23,43,0.0645161290322581,8109.0,166.0,10.0,5.0,4,2,3,17,-46,-1.4375,1.8425675840975253,29.333333333333332,0.059880239520958084,0.062146892655367235,0.11887532800629202,0.02665032113636969,2.4830104202755643,0.5129979078192155,2.0000000000000013,2.7312923027163633e-12,0.059880239520958084,0.0,0.0,0,0.0,33.97242249109264,0.021701602959309493
69ea00da4d28cb7da6d877b9,57076120-9c0e-45e0-8090-9fcb102953ef,2026-04-23 11:21:38.742,teclado gamer,MX,MX,es,"['google_trends', 'youtube', 'aliexpress']",MX,MXN,ES,313.666,96.51,Computer & Office,31,29.580645161290324,100,0,30.789364173957203,2026-03-24,0,2026-04-23,54,1.258467741935484,1108.0,33.0,1.0,1.0,4,2,3,17,54,1.6875,0.9305201890613362,17.0,0.029411764705882353,0.05714285714285714,1.1710296411533994,0.003177972834688209,0.3067061582757591,1.006825199781301,39.0125,4.249609634277013e-14,0.029411764705882353,0.0,0.0,0,0.0,42.2714561743748,0.030658250676284943
69ea01a24d28cb7da6d877e8,2b802da8-bb03-4e5f-b370-4981f55a6e9c,2026-04-23 11:24:59.426,pecera de vidrio,MX,MX,es,"['google_trends', 'youtube', 'aliexpress']",MX,MXN,ES,26.472,91.73,Home & Garden,31,33.32258064516129,100,0,36.52705581417168,2026-03-24,0,2026-04-23,100,3.3491935483870967,28150.0,259.0,6.0,4.0,4,2,3,17,100,3.125,0.8879614966377772,53.0,0.023076923076923078,0.02631578947368421,2.973954915755394,0.03640069889341875,3.339036109493302,1.064228129924175,103.825,1.369308234141881e-16,0.023076923076923078,0.0,0.0,0,0.0,51.979588264300716,0.00941351994600547
69ea023d4d28cb7da6d8781a,d7240b29-04a8-4287-b906-7f969faf5d3a,2026-04-23 11:27:37.436,soporte para tv,MX,MX,es,"['google_trends', 'youtube', 'aliexpress']",MX,MXN,ES,166.341,93.98,Consumer Electronics,31,54.87096774193548,100,0,29.79232779926611,2026-03-24,86,2026-04-23,44,0.538306451612903,2149.0,11.0,62.0,40.0,4,2,3,17,-42,-1.3125,1.7819688105308897,1.7804878048780488,5.166666666666667,0.8513513513513513,0.9592453072817487,0.005975821824896469,0.5616077351037702,0.5332345044903288,16.687499999999993,1.1517452603541741e-13,5.166666666666667,0.0,0.0,0,0.0,42.58751574996834,0.03395348837209302
69ea02f84d28cb7da6d87870,0ff8990b-3d08-44ed-ab1a-15b365c51d87,2026-04-23 11:30:43.359,escritorio,MX,MX,es,"['google_trends', 'youtube', 'aliexpress']",MX,MXN,ES,17.913999999999998,92.79,Phones & Telecommunications Accessories,31,80.2258064516129,100,46,17.856296139680172,2026-03-24,95,2026-04-23,61,0.0754032258064515,22193.0,504.0,185.0,45.0,4,2,3,17,-34,-1.0625,4.2545898652275635,14.978260869565217,0.36633663366336633,0.26956521739130435,0.320809800321594,0.052870889288357835,4.905889817066724,0.21983525827247236,2.3374999999999964,1.7583653591666062e-08,0.36633663366336633,0.0,0.0,0,0.0,38.38629125906414,0.031044426421555374
69ea03464d28cb7da6d878cb,d504a7db-261a-4369-8a7a-038ebbebede6,2026-04-23 11:32:00.938,maquina de coser,MX,MX,es,"['google_trends', 'youtube', 'aliexpress']",MX,MXN,ES,38.95222222222222,72.76666666666667,Home & Garden,31,75.35483870967742,100,48,10.30387754552228,2026-03-24,86,2026-04-23,65,-0.2217741935483871,15782.0,322.0,17.0,15.0,4,2,3,17,-21,-0.65625,6.666282291736889,21.1875,0.05263157894736842,0.052941176470588235,-1.4784093792158421,0.025029896821203105,1.821342158689546,0.13494727668406872,-6.875,3.3502933844429416e-05,0.05263157894736842,0.0,0.0,0,0.0,27.3862657190433,0.02147880631058734
69ea03c34d28cb7da6d87907,04e550e0-2801-43f3-b13f-f0079f9f5516,2026-04-23 11:33:47.656,cama de niño,MX,MX,es,"['google_trends', 'youtube', 'aliexpress']",MX,MXN,ES,5681.28875,0.0,Toys & Hobbies,31,36.83870967741935,100,0,39.24801207211524,2026-03-24,0,2026-04-23,70,3.7983870967741935,15123358.0,143302.0,389.0,32.0,4,2,3,17,70,2.1875,0.9152926512597145,4354.272727272727,0.0027145279582423258,0.0027141385741725355,3.4766357963171415,0.00017598542488711085,0.0,1.037244990823165,117.75,9.011662770128517e-18,0.0027145279582423258,0.0,0.0,0,0.0,100.0,0.009501262252651676
69ea374e4d28cb7da6d87953,83da9c3b-4345-4219-b4c2-5e7d97160ce7,2026-04-23 15:13:33.776,marmol,MX,MX,es,"['google_trends', 'youtube', 'aliexpress']",MX,MXN,ES,20.201,92.21,Home & Garden,31,80.41935483870968,100,59,9.95916393260796,2026-03-24,100,2026-04-23,61,-0.4262096774193549,611376.0,18001.0,454.0,41.0,4,2,3,17,-39,-1.21875,7.338092151302661,439.4047619047619,0.025219420064437285,0.02465322930212397,-3.127565888680207,0.04716758643460214,4.3493231451346634,0.12231936684264928,-13.212500000000002,4.7292259035803184e-05,0.025219420064437285,0.0,0.0,0,0.0,33.81666122884065,0.030185957273499004
69ea37fd4d28cb7da6d879aa,23c613da-614c-4d27-8e42-62b0350be99a,2026-04-23 15:16:33.215,marcador amarillo,MX,MX,es,"['google_trends', 'youtube', 'aliexpress']",MX,MXN,ES,12.855,94.18,Office & School Supplies,31,11.03225806451613,100,0,26.456862841195846,2026-03-24,0,2026-04-23,0,0.7266129032258066,1303.0,11.0,0.0,2.0,4,2,3,17,0,0.0,0.4018032988081764,3.6666666666666665,0.0,0.08333333333333333,0.29195546147271534,0.07217610970768676,6.797546012269939,2.198827742833971,22.525000000000006,3.235418463895671e-12,0.0,0.0,0.0,0,0.0,26.842410495834123,0.00843558282208589
69ea38634d28cb7da6d879da,dbcccf3e-3115-4e92-bab4-aed92a5bc4af,2026-04-23 15:18:30.812,tornillos,MX,MX,es,"['google_trends', 'youtube', 'aliexpress']",MX,MXN,ES,18.975,91.66,Tools,31,81.74193548387096,100,62,10.148785615154436,2026-03-24,84,2026-04-23,62,-0.4685483870967741,90432.0,1270.0,28.0,47.0,4,2,3,17,-22,-0.6875,7.33191383398385,27.041666666666668,0.022029897718332022,0.022324865280985373,-3.435356401245658,0.05006257822277847,4.588735919899874,0.12265588852623296,-14.524999999999997,3.91235639021319e-05,0.022029897718332022,0.0,0.0,0,0.0,27.65242402686015,0.014353167538398593
69ec6ba511cbf4e9d1cfca8c,92838eb1-451e-41b9-9456-2af14a385502,2026-04-25 07:21:16.811,control xbox,MX,MX,es,"['google_trends', 'youtube', 'aliexpress']",MX,MXN,ES,49.63444444444444,97.35555555555555,Consumer Electronics,91,65.62637362637362,100,43,12.47187801206142,2026-01-25,76,2026-04-25,73,-0.0424908424908424,24274.0,1444.0,130.0,14.0,4,2,5,17,-3,-0.03260869565217391,4.871360441923398,104.93333333333334,0.08996539792387544,0.08317460317460318,-0.20698820925388753,0.01974940203199403,1.9227140067147968,0.18719130778452736,-3.8666666666666587,3.83294158362565e-06,0.08996539792387544,0.0,0.0,0,0.0,41.45995409552065,0.06484037075180227
69ec6bf411cbf4e9d1cfcb03,8c246221-0381-4bd0-88b0-9ff706e54bfa,2026-04-25 07:22:45.908,control playstation,MX,MX,es,"['google_trends', 'youtube', 'aliexpress']",MX,MXN,ES,61.724,96.7,Consumer Electronics,91,8.032967032967033,100,0,18.93406720963304,2026-01-25,0,2026-04-25,38,0.206402293358815,22561.0,245.0,16.0,18.0,4,2,5,17,38,0.41304347826086957,0.402976820961311,13.736842105263158,0.06504065040650407,0.0648854961832061,0.08317534001685918,0.01594286078693961,1.5416746380970603,2.0961071971734873,18.782608695652165,5.984654605462813e-09,0.06504065040650407,0.0,0.0,0,0.0,20.974545638196087,0.011568123393316195
69ec6c6511cbf4e9d1cfcb7f,0ed99957-bf04-4e4a-9221-d6bb8a2ed6e4,2026-04-25 07:24:31.897,raton gamer,MX,MX,es,"['google_trends', 'youtube', 'aliexpress']",MX,MXN,ES,21.936,90.98,Computer & Office,91,1.164835164835165,100,0,10.494722204003024,2026-01-25,0,2026-04-25,0,0.0178690874343048,7084.0,111.0,1.0,6.0,4,2,5,17,0,0.0,0.1013365215933198,16.0,0.008928571428571428,0.017699115044247787,0.0018107911646393477,0.04359958144401814,3.9666899197767704,4.847815840427792,1.6260869565217366,2.7682165303189496e-05,0.008928571428571428,0.0,0.0,0,0.0,14.959864612211396,0.015808045165843332
69ec6cb611cbf4e9d1cfcbef,a16481f4-2331-4edb-b804-3742a6a7bea7,2026-04-25 07:25:50.329,cafetera express,MX,MX,es,"['google_trends', 'youtube', 'aliexpress']",MX,MXN,ES,1437.08,61.99,Home & Garden,91,11.12087912087912,100,0,27.8945773961078,2026-01-25,0,2026-04-25,0,0.6096512183468705,41103.0,3195.0,58.0,22.0,4,2,5,17,0,0.0,0.38487772181008406,141.43478260869566,0.018147684605757195,0.018131530424093423,0.23464117201608564,0.0006953716065865599,0.04310608589230085,2.3013658595156934,55.47826086956522,7.683143803513565e-13,0.018147684605757195,0.0,0.0,0,0.0,44.41227102364761,0.07914071623199688
69ec6d1011cbf4e9d1cfcc6f,562f31d3-7ae0-44e4-9f0b-2885cf595476,2026-04-25 07:27:20.560,xiaomi tag,MX,MX,es,"['google_trends', 'youtube', 'aliexpress']",MX,MXN,ES,13.512,96.22,Watches,91,9.0989010989011,100,0,25.354401303238564,2026-01-25,0,2026-04-25,0,0.4932154801720019,38906.0,1798.0,26.0,10.0,4,2,5,17,0,0.0,0.3452516714080308,165.8181818181818,0.014452473596442469,0.014794520547945205,0.17028346889369814,0.06890848952590958,6.630374862183021,2.510609922301098,44.88260869565217,9.743689188140691e-12,0.014452473596442469,0.0,0.0,0,0.0,34.57047818807815,0.046881023980260624
69ec6d6b11cbf4e9d1cfcce3,c3872ce5-a468-4494-b037-3a8aee8d2f2d,2026-04-25 07:28:56.692,camara web,MX,MX,es,"['google_trends', 'youtube', 'aliexpress']",MX,MXN,ES,46.999,89.9,Consumer Electronics,91,37.07692307692308,100,0,34.744217990346016,2026-01-25,0,2026-04-25,48,0.0424908424908424,7072.0,121.0,21.0,11.0,4,2,5,17,48,0.5217391304347826,1.0372844941505506,11.833333333333334,0.1721311475409836,0.15384615384615385,0.04407509205914418,0.020833767370153543,1.8729556865768038,0.9124744118676731,3.8666666666666587,8.142876512941648e-16,0.1721311475409836,0.0,0.0,0,0.0,33.94302631301132,0.02007634667043687
69ec6daf11cbf4e9d1cfcd58,e2e3a74c-a248-4900-82f8-2b68b94430ce,2026-04-25 07:30:08.473,rastreador,MX,MX,es,"['google_trends', 'youtube', 'aliexpress']",MX,MXN,ES,85.685,93.93,Home & Garden,91,66.17582417582418,100,0,13.622361849868115,2026-01-25,74,2026-04-25,62,0.056935817805383,3317.0,94.0,5.0,9.0,4,2,5,17,-12,-0.13043478260869565,4.525659045732139,9.9,0.05263157894736842,0.06,0.2576720988770886,0.011536021226279057,1.0835784737843919,0.20278667239293285,5.181159420289854,1.213063172421777e-06,0.05263157894736842,0.0,0.0,0,0.0,33.40861012121381,0.029837251356238697
69ec6e3911cbf4e9d1cfcdcb,a78d57ca-be1e-43a5-8ef6-9060acf6dd59,2026-04-25 07:32:24.364,microfono,MX,MX,es,"['google_trends', 'youtube', 'aliexpress']",MX,MXN,ES,110.625,90.72,Consumer Electronics,91,82.67032967032966,100,69,7.053848350849098,2026-01-25,83,2026-04-25,79,-0.0077878643096034,21908.0,1247.0,114.0,12.0,4,2,5,17,-4,-0.043478260869565216,10.264699069186463,104.6923076923077,0.09134615384615384,0.08443465491923642,-0.07994008352973649,0.008958566629339306,0.8127211646136618,0.08430525347087837,-0.7086956521739094,0.0008640772781565708,0.09134615384615384,0.0,0.0,0,0.0,41.29926070958532,0.062120589711990505
69ec6ef411cbf4e9d1cfce41,676d8289-69aa-4d42-bbe5-7e47c56a0195,2026-04-25 07:35:30.047,camara inalambrica,MX,MX,es,"['google_trends', 'youtube', 'aliexpress']",MX,MXN,ES,72.56,46.0,"Automobiles, Parts & Accessories",91,13.384615384615383,100,0,30.727754096172927,2026-01-25,0,2026-04-25,100,0.7400382226469183,4741.0,240.0,3.0,5.0,4,2,5,17,100,1.0869565217391304,0.42185826781322244,40.5,0.012448132780082987,0.01639344262295082,0.3121912427214048,0.013594344752582924,0.6253398586188146,2.136154028076193,67.34347826086957,4.519661970426524e-14,0.012448132780082987,0.0,0.0,0,0.0,34.504277971679564,0.051244200759173346
69ec70de11cbf4e9d1cfcea8,340cb258-256c-4689-b2d5-348143c3a9dd,2026-04-25 07:42:24.994,hub usb,MX,MX,es,"['google_trends', 'youtube', 'aliexpress']",MX,MXN,ES,27.837,96.67,Computer & Office,91,22.93406593406593,100,0,30.87818438739996,2026-01-25,0,2026-04-25,32,0.090237298932951,4512.0,73.0,0.0,4.0,4,2,5,17,32,0.34782608695652173,0.7194282351641945,14.6,0.0,0.013513513513513514,0.0649192607173168,0.03467767104761244,3.352290460172695,1.290135344009824,8.21159420289854,3.8884355889456895e-14,0.0,0.0,0.0,0,0.0,29.484714799541955,0.01617549302016397
69ec720c11cbf4e9d1cfcf16,92aae0d8-6957-4afa-b2bc-4caabb5c902d,2026-04-25 07:47:17.300,organizador tarjetas,MX,MX,es,"['google_trends', 'youtube', 'aliexpress']",MX,MXN,ES,22.454,92.75,Home & Garden,91,1.098901098901099,100,0,10.482848367219182,2026-01-25,0,2026-04-25,0,0.0525561395126612,2323.0,35.0,0.0,2.0,4,2,5,17,0,0.0,0.09569934773659486,11.666666666666666,0.0,0.027777777777777776,0.005029588270915157,0.04263665046473949,3.954549330604588,4.994446080716992,4.782608695652169,2.8012817989005377e-05,0.0,0.0,0.0,0,0.0,15.163182173838003,0.015060240963855422
69ec73e911cbf4e9d1cfcf82,ebe4ccbc-e4f0-470e-9546-452e05bda52c,2026-04-25 07:55:10.756,impresora termica portatil,MX,MX,es,"['google_trends', 'youtube', 'aliexpress']",MX,MXN,ES,51.627,95.68,Computer & Office,91,5.967032967032967,100,0,21.13840661999467,2026-01-25,0,2026-04-25,0,0.3142379359770664,93801.0,3027.0,107.0,38.0,4,2,5,17,0,0.0,0.26953308200797715,80.35897435897436,0.03533685601056803,0.03444976076555024,0.08469751936772411,0.019001653143823512,1.8180781728010338,3.034061518011853,28.59565217391304,6.602473225309991e-10,0.03533685601056803,0.0,0.0,0,0.0,27.882764343143528,0.03341080147544828
69ec748c11cbf4e9d1cfd012,8543da75-2d84-4e4d-8dc8-112f27547770,2026-04-25 07:58:00.764,cuerdas led,MX,MX,es,"['google_trends', 'youtube', 'aliexpress']",MX,MXN,ES,26.685,91.7,Lights & Lighting,91,1.912087912087912,100,0,12.971462996086922,2026-01-25,0,2026-04-25,0,0.0551361681796464,692542.0,7055.0,95.0,22.0,4,2,5,17,0,0.0,0.1368566708170392,310.8695652173913,0.013463718820861678,0.013424695846734723,0.007545752418674779,0.036120642947444465,3.3122629582806575,4.454351443939283,5.017391304347822,2.325761615314822e-06,0.013463718820861678,0.0,0.0,0,0.0,17.074660789906183,0.010324268673569727
69ec75aa11cbf4e9d1cfd092,4b568ded-f5e8-4a9f-9dae-d95cd8e4eec3,2026-04-25 08:02:48.599,soporte tablet,MX,MX,es,"['google_trends', 'youtube', 'aliexpress']",MX,MXN,ES,32.908,93.32,Computer & Office,91,5.318681318681318,100,0,16.91145510585395,2026-01-25,0,2026-04-25,0,0.1476668259276954,13304.0,402.0,19.0,17.0,4,2,5,17,0,0.0,0.29694300587242795,23.38888888888889,0.04714640198511166,0.04739336492890995,0.04384863115861045,0.029491565412292083,2.752152884275097,2.6764215906655817,13.437681159420281,4.52322682329433e-08,0.04714640198511166,0.0,0.0,0,0.0,23.72594347096067,0.03164223975948891
69ec76a511cbf4e9d1cfd10d,23bf1f84-fc1c-482a-9db1-91d1220b7471,2026-04-25 08:07:01.220,tableta LCD,MX,MX,es,"['google_trends', 'youtube', 'aliexpress']",MX,MXN,ES,274.79200000000003,95.81,Toys & Hobbies,91,1.098901098901099,100,0,10.482848367219182,2026-01-25,0,2026-04-25,0,-0.0079630514413123,3994.0,126.0,5.0,4.0,4,2,5,17,0,0.0,0.09569934773659486,26.2,0.03937007874015748,0.045454545454545456,-0.0007620588289265387,0.003625920983929918,0.34739948947032545,4.994446080716992,-0.7246376811594193,2.8012817989005377e-05,0.03937007874015748,0.0,0.0,0,0.0,20.208872767708204,0.0327909887359199
69ec77a111cbf4e9d1cfd17b,5444d881-d4de-4f3f-88b4-a69cd824d85f,2026-04-25 08:11:01.565,guitarra,MX,MX,es,"['google_trends', 'youtube', 'aliexpress']",MX,MXN,ES,23.21,90.54,Computer & Office,91,80.62637362637362,100,67,8.63281639591153,2026-01-25,100,2026-04-25,90,-0.0077719382067208,56784.0,2208.0,86.0,31.0,4,2,5,17,-10,-0.10869565217391304,8.369968897216186,71.6875,0.038931643277501135,0.03790849673202614,-0.06505088106133923,0.041305245766212306,3.7397769516728627,0.10576013624501202,-0.7072463768115929,0.00017816216271582987,0.038931643277501135,0.0,0.0,0,0.0,36.01880499153557,0.0403979924275777
69ec783711cbf4e9d1cfd204,78d39cbc-bd71-4909-b4ba-94fd14705297,2026-04-25 08:13:40.811,bateria,MX,MX,es,"['google_trends', 'youtube', 'aliexpress']",MX,MXN,ES,129.698,92.14,"Automobiles, Parts & Accessories",91,79.67032967032966,100,57,6.852501481705533,2026-01-25,82,2026-04-25,85,0.0211180124223602,46146.0,1256.0,65.0,12.0,4,2,5,17,3,0.03260869565217391,10.14585350361826,101.61538461538461,0.05171042163882259,0.049924357034795766,0.2142602603248572,0.007651226491606604,0.7049840089366325,0.08494450821893523,1.9217391304347782,0.0010568087958365048,0.05171042163882259,0.0,0.0,0,0.0,32.641228803473204,0.02862591284373849
69ec78dc11cbf4e9d1cfd27a,10f50757-7ad4-41cb-b4f0-92c95f134bae,2026-04-25 08:16:18.079,flautas,MX,MX,es,"['google_trends', 'youtube', 'aliexpress']",MX,MXN,ES,31.202,93.28,Sports & Entertainment,91,70.13186813186813,100,49,10.2764118156407,2026-01-25,60,2026-04-25,57,-0.0530976270106704,9478.0,120.0,2.0,45.0,4,2,5,17,-3,-0.03260869565217391,6.219342577981522,2.652173913043478,0.01652892561983471,0.024390243902439025,-0.3302323324572442,0.031053971802993605,2.8967144897832435,0.144469871037124,-4.831884057971006,3.443586960929247e-05,0.01652892561983471,0.0,0.0,0,0.0,27.585583553268922,0.012870555965819179
69ec7c0a11cbf4e9d1cfd311,6105a905-50c1-4344-9098-0d90ec80bc5d,2026-04-25 08:29:58.729,coches juguetes,MX,MX,es,"['google_trends', 'youtube', 'aliexpress']",MX,MXN,ES,98.29,90.88,Toys & Hobbies,91,1.6923076923076923,100,0,11.858135798488084,2026-01-25,0,2026-04-25,0,0.0966395922917662,43100.0,460.0,18.0,7.0,4,2,5,17,0,0.0,0.13161376725440102,59.75,0.039045553145336226,0.03966597077244259,0.012719100807448725,0.010071507704703393,0.9152986202034443,4.40445043943843,8.794202898550724,7.080714066542413e-06,0.039045553145336226,0.0,0.0,0,0.0,15.257847234853415,0.011090229925059744
69ec7d4911cbf4e9d1cfd382,d7d7bb99-3f20-4ab1-a6b7-a8938746602d,2026-04-25 08:35:16.207,ganchos ropa,MX,MX,es,"['google_trends', 'youtube', 'aliexpress']",MX,MXN,ES,35.642,95.79,Home & Garden,91,25.65934065934066,100,0,30.238393468576326,2026-01-25,90,2026-04-25,33,0.1049530179964962,13091648.0,291377.0,1663.0,46.0,4,2,5,17,-57,-0.6195652173913043,0.8214039779335064,6234.893617021276,0.0057073629443540694,0.005678386300893049,0.08620882647844887,0.027291086731073628,2.6142131979695433,1.1342513625888069,9.550724637681155,7.37280206955253e-14,0.0057073629443540694,0.0,0.0,0,0.0,74.04815952558168,0.022383734852653017
69ec7dea11cbf4e9d1cfd41a,9cc34744-ca7a-4e68-8899-d490c56eddbc,2026-04-25 08:38:00.130,toallas,MX,MX,es,"['google_trends', 'youtube', 'aliexpress']",MX,MXN,ES,24.048,89.8,Home & Garden,91,83.26373626373626,100,69,7.070808793648501,2026-01-25,86,2026-04-25,72,0.0034081860168816,193034.0,2069.0,143.0,37.0,4,2,5,17,-14,-0.15217391304347827,10.316653311036495,58.21052631578947,0.06908212560386473,0.06507004066877542,0.03516107355568984,0.03992334717342702,3.5851165761737467,0.08391283257981398,0.3101449275362256,0.0008495457240421127,0.06908212560386473,0.0,0.0,0,0.0,28.94462246049762,0.011459061828165877
69ec7ea011cbf4e9d1cfd4a9,7a3c5ae3-170d-43f1-a246-c6060efdf26b,2026-04-25 08:41:04.636,mochila viaje,MX,MX,es,"['google_trends', 'youtube', 'aliexpress']",MX,MXN,ES,110.142,96.34,Sports & Entertainment,91,14.516483516483516,100,0,26.147599268325717,2026-01-25,0,2026-04-25,41,0.4235387800605191,132836.0,1767.0,69.0,19.0,4,2,5,17,41,0.44565217391304346,0.5347243921277609,91.8,0.03902714932126697,0.03810560696788242,0.22647651671039448,0.008997498695362689,0.8668190243112416,1.6851498112022947,38.54202898550724,4.408003419517104e-12,0.03902714932126697,0.0,0.0,0,0.0,27.78428882181107,0.01382145034892387
69ec7f3b11cbf4e9d1cfd526,eaa5df05-085a-48b6-9123-1037740e9469,2026-04-25 08:43:42.526,condon,MX,MX,es,"['google_trends', 'youtube', 'aliexpress']",MX,MXN,ES,,,,91,48.21978021978022,100,34,8.76331012777731,2026-01-25,46,2026-04-25,46,-0.1215639433030737,264917.0,3360.0,30.0,6.0,4,2,5,17,0,0.0,4.938876220124517,484.2857142857143,0.008925914906277893,0.009141846063108227,-0.6003892688041158,1.0,0.0,0.17804447904169127,-11.062318840579707,0.00015636615902633823,0.008925914906277893,0.0,0.0,0,0.0,11.869711689281399,0.012796412474803525
69ec7fdb11cbf4e9d1cfd58c,b0ef21c7-3afb-4756-a723-f9a2deba1b07,2026-04-25 08:46:20.512,vibrador,MX,MX,es,"['google_trends', 'youtube', 'aliexpress']",MX,MXN,ES,217.515,91.2,Beauty & Health,91,82.4065934065934,100,61,8.31194324381492,2026-01-25,84,2026-04-25,92,-0.0386207994903647,64106.0,1305.0,10.0,19.0,4,2,5,17,8,0.08695652173913043,8.849559243322132,65.75,0.007656967840735069,0.008358662613981762,-0.34177705311444756,0.004576344873349656,0.4173626524494886,0.09965570951082448,-3.5144927536231876,0.00024556638405119944,0.007656967840735069,0.0,0.0,0,0.0,31.524427435446412,0.020512580529427362
69ec808611cbf4e9d1cfd601,03ee1436-98f8-4341-9d2d-a2382e78c80b,2026-04-25 08:49:09.290,almohadilla viaje,MX,MX,es,"['google_trends', 'youtube', 'aliexpress']",MX,MXN,ES,23.834444444444443,91.9,Home & Garden,91,1.098901098901099,100,0,10.48284836721918,2026-01-25,0,2026-04-25,0,-0.0461856983596113,400.0,32.0,4.0,3.0,4,2,5,17,0,0.0,0.09569934773659487,9.0,0.12121212121212122,0.13513513513513514,-0.0044199412077739215,0.040266654735806005,3.7005055702205722,4.994446080716991,-4.202898550724629,2.8012817989005427e-05,0.12121212121212122,0.0,0.0,0,0.0,33.15251369493767,0.08977556109725686
69ec812111cbf4e9d1cfd66d,f478ed10-adbd-4ac0-a093-1bbc210a3b8d,2026-04-25 08:51:45.743,cargador c,MX,MX,es,"['google_trends', 'youtube', 'aliexpress']",MX,MXN,ES,16.880000000000003,94.93,Phones & Telecommunications Accessories,91,59.45054945054945,100,0,14.167461731621932,2026-01-25,43,2026-04-25,59,0.0520783564261825,2347.0,34.0,0.0,6.0,4,2,5,17,16,0.17391304347826086,3.91961097397093,4.857142857142857,0.0,0.02857142857142857,0.20412689735443443,0.05592841163310961,5.309284116331096,0.23436448238094815,4.7391304347826075,7.033144614106664e-07,0.0,0.0,0.0,0,0.0,28.39227048622054,0.014480408858603067
69ec81b511cbf4e9d1cfd6dd,75367f82-2d99-400b-bb68-c6f5101b5388,2026-04-25 08:54:15.192,calcetines,MX,MX,es,"['google_trends', 'youtube', 'aliexpress']",MX,MXN,ES,15.183000000000002,93.53,Underwear,91,60.32967032967033,100,45,9.238873121586666,2026-01-25,73,2026-04-25,66,-0.0152890587673196,78415.0,1677.0,102.0,42.0,4,2,5,17,-7,-0.07608695652173914,5.892217787373202,41.372093023255815,0.060786650774731825,0.05786516853932584,-0.09008646402099474,0.06179323981956374,5.779521720323797,0.15064279771804095,-1.3913043478260836,9.718704652457704e-05,0.060786650774731825,0.0,0.0,0,0.0,28.180193001165495,0.022686696592532137
69ec98295a2461e98614a6a4,9cb379e9-3e01-4fa0-82ce-3b796481e8d3,2026-04-25 10:31:24.769,violin,MX,MX,es,"['google_trends', 'youtube', 'aliexpress']",MX,MXN,ES,41.709,95.3,Sports & Entertainment,31,79.83870967741936,100,53,10.165617784780054,2026-03-26,92,2026-04-25,85,-0.080241935483871,11246.0,544.0,15.0,5.0,4,2,5,17,-7,-0.21875,7.150406830712777,93.16666666666667,0.027522935779816515,0.02857142857142857,-0.5737624835934851,0.023414268655318548,2.231379802851858,0.1257518560766886,-2.487500000000001,3.847054075427857e-05,0.027522935779816515,0.0,0.0,0,0.0,38.794020979325495,0.04970214279363386
69ec98985a2461e98614a6d7,9f89b789-0e8a-4d8a-9503-891a5d430882,2026-04-25 10:33:08.509,clarinete,MX,MX,es,"['google_trends', 'youtube', 'aliexpress']",MX,MXN,ES,38.704,95.27,Sports & Entertainment,31,36.96774193548387,100,0,26.461902011467654,2026-03-26,72,2026-04-25,41,0.9794354838709678,4446.0,157.0,5.0,15.0,4,2,5,17,-31,-0.96875,1.3461464511834151,10.125,0.03164556962025317,0.03680981595092025,1.3184636007760144,0.025186379206125327,2.3995063469675597,0.6969574871329628,30.3625,3.2191556493152137e-12,0.03164556962025317,0.0,0.0,0,0.0,40.734813768955966,0.036429053294355744
69ec98ed5a2461e98614a714,64171f54-d78e-44a6-9a14-6edcd7b6cfc6,2026-04-25 10:34:30.073,trompeta,MX,MX,es,"['google_trends', 'youtube', 'aliexpress']",MX,MXN,ES,32.166000000000004,94.64,Home & Garden,31,75.0,100,57,9.602083107326242,2026-03-26,70,2026-04-25,83,0.1959677419354838,23984.0,547.0,8.0,33.0,4,2,5,17,13,0.40625,7.074081502735398,16.323529411764707,0.014598540145985401,0.01618705035971223,1.38629177835863,0.030151359826328165,2.8535246939636973,0.12634319878060846,6.0749999999999975,6.758779711056572e-05,0.014598540145985401,0.0,0.0,0,0.0,32.574134704530586,0.023139462163852407
69ec9c195a2461e98614a763,6bd67bf3-ccc3-443e-a28d-1054aea3c173,2026-04-25 10:47:53.343,piano,MX,MX,es,"['google_trends', 'youtube', 'aliexpress']",MX,MXN,ES,48.66,94.89,Home & Garden,31,82.61290322580645,100,69,8.456466635480169,2026-03-26,81,2026-04-25,95,-0.4024193548387097,23495.0,860.0,52.0,9.0,4,2,5,17,14,0.4375,8.736128028607128,91.2,0.06039488966318235,0.05805038335158817,-3.5155870050604494,0.02013693113169553,1.910793395086589,0.10113829695211622,-12.475000000000001,0.00021252166210445722,0.06039488966318235,0.0,0.0,0,0.0,33.90899013187013,0.03881511746680286
69ec9c7b5a2461e98614a79a,7ed8448f-c00c-44b8-b61b-ab0dc7eb5f00,2026-04-25 10:49:41.457,billetera de cuero,MX,MX,es,"['google_trends', 'youtube', 'aliexpress']",MX,MXN,ES,15.855,93.5,Luggage & Bags,31,3.225806451612903,100,0,17.960530202677493,2026-03-26,0,2026-04-25,0,-0.4838709677419355,251544.0,19582.0,198.0,33.0,4,2,5,17,0,0.0,0.170132713438434,581.7647058823529,0.010110810396772711,0.010060158738183105,-0.08232228069601645,0.059329575793533075,5.547315336695342,4.25020180368704,-15.0,1.5843124714622535e-08,0.010110810396772711,0.0,0.0,0,0.0,33.065792604309415,0.07863404162277127
69ec9cd25a2461e98614a7e9,d3c6d99e-e86e-4e0e-b7c6-226a0d0959e8,2026-04-25 10:51:10.241,gafas de sol,MX,MX,es,"['google_trends', 'youtube', 'aliexpress']",MX,MXN,ES,20.286,91.16,Apparel Accessories,31,43.87096774193548,100,0,37.10143028283758,2026-03-26,0,2026-04-25,60,2.025403225806452,37773.0,1014.0,106.0,37.0,4,2,5,17,60,1.875,1.1514257448150635,29.473684210526315,0.10443349753694581,0.09545049063336307,2.3321014178250263,0.0469792351780513,4.2826270788311565,0.8268471162961647,62.787500000000016,7.709985431860478e-17,0.10443349753694581,0.0,0.0,0,0.0,51.24726888570418,0.029650023825912003
69ec9d215a2461e98614a83c,52af1549-e9b5-482d-9aaf-7fa32a0a8475,2026-04-25 10:52:38.915,blanqueador dental,MX,MX,es,"['google_trends', 'youtube', 'aliexpress']",MX,MXN,ES,83.285,93.05,Beauty & Health,31,24.451612903225808,100,0,39.61635917116179,2026-03-26,0,2026-04-25,0,2.1536290322580647,207628.0,2954.0,74.0,33.0,4,2,5,17,0,0.0,0.602013902826298,89.05882352941177,0.025042301184433163,0.024760647078243644,1.2965146189497008,0.011864507326333274,1.103992406715311,1.5565362918960906,66.7625,6.234962113755076e-18,0.025042301184433163,0.0,0.0,0,0.0,46.36433447438573,0.01458370458847271
69ec9d8c5a2461e98614a88b,a379f46b-665b-4267-9ff0-2de5e54c6d58,2026-04-25 10:54:18.277,traje de buzo,MX,MX,es,"['google_trends', 'youtube', 'aliexpress']",MX,MXN,ES,43.775000000000006,85.0,Men's Clothing,31,28.12903225806452,100,0,32.841784295298645,2026-03-26,0,2026-04-25,0,2.6306451612903228,75332.0,650.0,22.0,11.0,4,2,5,17,0,0.0,0.8311923512251761,56.0,0.03379416282642089,0.03417533432392273,2.186572136852036,0.022333891680625346,1.8983807928531544,1.1274588185539953,81.55000000000001,5.4575070411077464e-15,0.03379416282642089,0.0,0.0,0,0.0,44.14682346300694,0.008920393453068377
69ec9e0a5a2461e98614a8bc,60eddaf0-8365-4e5e-a4e4-eebe2c2838f4,2026-04-25 10:56:24.406,carros hibridos,MX,MX,es,"['google_trends', 'youtube', 'aliexpress']",MX,MXN,ES,20.765,56.7125,"Automobiles, Parts & Accessories",31,39.74193548387097,100,0,42.438165010546406,2026-03-26,0,2026-04-25,87,3.8741935483870966,4933.0,122.0,0.0,4.0,4,2,5,17,87,2.71875,0.9149082488687534,24.4,0.0,0.008130081300813009,3.5445316351334606,0.04594532506317482,2.605674247645302,1.041633503821804,120.1,3.709702765672756e-19,0.0,0.0,0.0,0,0.0,58.7546516298271,0.024726388325901905
69ec9e885a2461e98614a8ec,d2a40e53-7f1e-4ff7-aef5-62f2b85a3072,2026-04-25 10:58:26.952,ajedrez profesional,MX,MX,es,"['google_trends', 'youtube', 'aliexpress']",MX,MXN,ES,22.21,94.38,Sports & Entertainment,31,16.64516129032258,100,0,31.88996538839637,2026-03-26,0,2026-04-25,0,1.682661290322581,2043813.0,91435.0,1047.0,15.0,4,2,5,17,0,0.0,0.5060863121551055,5780.125,0.01145063213613894,0.01133181233307743,0.8515718470255063,0.043084877208099955,4.0663507109004735,1.8072923711888254,52.162500000000016,1.4137219586487489e-14,0.01145063213613894,0.0,0.0,0,0.0,54.69419294305668,0.04524971450435314
69ec9faa5a2461e98614a929,5b749d2d-9828-47f3-a688-752345fdb0f4,2026-04-25 11:03:22.475,monopoli,MX,MX,es,"['google_trends', 'youtube', 'aliexpress']",MX,MXN,ES,81.855,95.65,Electronic Components & Supplies,31,16.612903225806452,100,0,20.90243593356978,2026-03-26,0,2026-04-25,23,0.9653225806451616,2999.0,28.0,1.0,3.0,4,2,5,17,23,0.71875,0.7584956886162565,7.25,0.034482758620689655,0.06666666666666667,0.7321930155432737,0.012069277653732424,1.1544264075795063,1.186768340550665,29.92500000000001,8.359636927015514e-10,0.034482758620689655,0.0,0.0,0,0.0,27.614480943851014,0.009666666666666667
69eca0145a2461e98614a958,a4a5f5fa-ff74-4789-94bd-e2d7b9bfd169,2026-04-25 11:05:04.654,iphone 13 pro max,MX,MX,es,"['google_trends', 'youtube', 'aliexpress']",MX,MXN,ES,18.22,96.58,Phones & Telecommunications Accessories,31,69.3225806451613,100,56,11.847326271566354,2026-03-26,77,2026-04-25,63,-0.9068548387096774,1318.0,11.0,0.0,1.0,4,2,5,17,-14,-0.4375,5.3958760896876825,5.5,0.0,0.08333333333333333,-4.893276341011128,0.052029136316337155,5.024973985431842,0.16847115340300778,-28.1125,7.1576684065598965e-06,0.0,0.0,0.0,0,0.0,22.038085352365076,0.008339651250947688
69ed2aac5a2461e98614a987,21238a79-c3bf-453a-a88a-44e6a229bee6,2026-04-25 20:56:29.375,cadena de oro,MX,MX,es,"['google_trends', 'youtube', 'aliexpress']",MX,MXN,ES,6.276,93.46,Jewelry & Accessories,31,71.93548387096774,100,45,10.487883433979004,2026-03-26,85,2026-04-25,72,-0.2858870967741935,1028094.0,22499.0,167.0,38.0,4,2,5,17,-13,-0.40625,6.261857050028561,581.1794871794872,0.007422222222222222,0.007411655710945427,-1.790184132447681,0.13743815283122596,12.844969763606377,0.14379672112045516,-8.862499999999999,2.7872126074125776e-05,0.007422222222222222,0.0,0.0,0,0.0,32.198631302697,0.022046600751876044
69ef38e65a2461e98614a9db,b0e4654b-0c36-4903-bda6-b88803962653,2026-04-27 10:21:38.225,collar de perlas,MX,MX,es,"['google_trends', 'youtube', 'aliexpress']",MX,MXN,ES,6.025,94.82,Jewelry & Accessories,31,32.96774193548387,100,0,35.603823643880105,2026-03-28,0,2026-04-27,69,3.441532258064516,572669.0,13434.0,144.0,26.0,4,2,0,18,69,2.15625,0.9006638829928862,502.8888888888889,0.010718273167100856,0.010678253185065174,3.0996638069936626,0.14234875444839856,13.497508896797152,1.048165748300364,106.6875,3.4471156711614255e-16,0.010718273167100856,0.0,0.0,0,0.0,57.84288893123424,0.02370999004662371
69ef39855a2461e98614aa23,f19649a6-317c-485e-a87f-6ae55d13cd97,2026-04-27 10:24:25.757,llavero de madera,MX,MX,es,"['google_trends', 'youtube', 'aliexpress']",MX,MXN,ES,18.24,93.56,Tools,31,14.096774193548388,100,0,32.82717861641445,2026-03-28,0,2026-04-27,0,0.881048387096774,8266.0,151.0,5.0,14.0,4,2,0,18,0,0.0,0.41672923282783053,10.4,0.03289473684210526,0.03821656050955414,0.3671586184390361,0.05197505197505198,4.862785862785863,2.174449865617196,27.312499999999993,5.537802594571864e-15,0.03289473684210526,0.0,0.0,0,0.0,33.79795279680915,0.018870206846498126
69ef39fb5a2461e98614aa5f,adaa6f1b-7d68-4bd6-b8e1-d7d225854010,2026-04-27 10:26:14.137,protector solar,MX,MX,es,"['google_trends', 'youtube', 'aliexpress']",MX,MXN,ES,30.168,94.71,Home Improvement,31,74.64516129032258,100,55,11.51389996800035,2026-03-28,98,2026-04-27,61,-1.021774193548387,31605.0,703.0,34.0,25.0,4,2,0,18,-37,-1.15625,5.9649798608906766,28.346153846153847,0.048295454545454544,0.04742547425474255,-6.094862486893941,0.032084188911704316,3.0386935318275152,0.1522093385961667,-31.674999999999997,9.990259716437529e-06,0.048295454545454544,0.0,0.0,0,0.0,25.913098772059357,0.023318357273935327
69ef3acc5a2461e98614aaa6,de3632cb-aded-475a-a396-4db393c5ba6f,2026-04-27 10:29:17.405,cepillo de dientes,MX,MX,es,"['google_trends', 'youtube', 'aliexpress']",MX,MXN,ES,14.753,94.22,Home & Garden,31,77.64516129032258,100,44,14.124561083674482,2026-03-28,81,2026-04-27,84,0.257258064516129,407194.0,33265.0,1342.0,38.0,4,2,0,18,3,0.09375,5.133713359400102,887.3589743589744,0.040341489809415015,0.03880605640314378,1.3206891626198647,0.06347997206881228,5.981082968323494,0.17959860278667308,7.974999999999999,7.341436759585466e-07,0.040341489809415015,0.0,0.0,0,0.0,54.18664664547792,0.0849887645968148
69ef3d9d5a2461e98614aafa,60018885-5432-4892-9aef-052c5296d308,2026-04-27 10:41:46.583,guantes de futbol,MX,MX,es,"['google_trends', 'youtube', 'aliexpress']",MX,MXN,ES,20.563,92.38,Apparel Accessories,31,39.774193548387096,100,0,42.66591901226658,2026-03-28,0,2026-04-27,76,3.8383064516129033,4358704.0,57879.0,186.0,32.0,4,2,0,18,76,2.375,0.910874990108734,1759.5454545454545,0.0032135452660677264,0.0032204732545723833,3.4962173511471932,0.04637573621481241,4.28419051152437,1.046395165648943,118.9875,2.954110985374672e-19,0.0032135452660677264,0.0,0.0,0,0.0,72.32780620361557,0.013321617315234685
69ef40355a2461e98614ab9b,9ef3875f-5fe6-4c60-9ba7-86863e3a582b,2026-04-27 10:52:53.741,rasuradora electrica,MX,MX,es,"['google_trends', 'youtube', 'aliexpress']",MX,MXN,ES,72.931,63.370000000000005,Home Appliances,31,30.90322580645161,100,0,34.27278301967873,2026-03-28,0,2026-04-27,52,3.00524193548387,3094.0,24.0,0.0,4.0,4,2,0,18,52,1.625,0.8761209964410992,4.8,0.0,0.04,2.632955559062706,0.013526125711812366,0.8571505863575497,1.0742732796865933,93.16249999999998,1.3047264151484394e-15,0.0,0.0,0.0,0,0.0,44.67690199144971,0.0077544426494345715
69ef40f45a2461e98614abcd,5a16c18d-2827-4377-baf8-d67a351ffd61,2026-04-27 10:55:55.183,camisetas de futbol,MX,MX,es,"['google_trends', 'youtube', 'aliexpress']",MX,MXN,ES,36.73777777777778,93.07777777777778,"Sports Shoes,Clothing&Accessories",31,37.903225806451616,100,0,40.72456657326933,2026-03-28,0,2026-04-27,72,3.916129032258064,347246.0,15019.0,211.0,33.0,4,2,0,18,72,2.25,0.9084150877850978,447.94117647058823,0.014047936085219707,0.013918981025540017,3.5574706986164792,0.026498645624779178,2.4664350488752795,1.0468172170575034,121.39999999999998,2.0584743479473236e-18,0.014047936085219707,0.0,0.0,0,0.0,68.53682188038863,0.04385927020247835
69ef41905a2461e98614ac1b,4dec4831-847a-4115-beb7-7769c2f7ce90,2026-04-27 10:58:09.329,peluches,MX,MX,es,"['google_trends', 'youtube', 'aliexpress']",MX,MXN,ES,20.306,93.01,Home & Garden,31,86.54838709677419,100,71,8.26574743415024,2026-03-28,86,2026-04-27,99,-0.0036290322580645,579887.0,16010.0,414.0,38.0,4,2,0,18,13,0.40625,9.340680577779155,421.12820512820514,0.025857223159078135,0.025266362252663623,-0.033897631129037105,0.046935135642542,4.365436966112832,0.09441347474526804,-0.11249999999999949,0.0002571766296709165,0.025857223159078135,0.0,0.0,0,0.0,36.33199479428107,0.028322710592390256
69ef429e5a2461e98614ac6f,ead4c70d-2470-44a3-b36a-69cd9fd27c41,2026-04-27 11:01:09.983,guantes de box,MX,MX,es,"['google_trends', 'youtube', 'aliexpress']",MX,MXN,ES,47.85888888888889,26.666666666666668,"Sports Shoes,Clothing&Accessories",31,55.193548387096776,100,32,13.075216645340172,2026-03-28,81,2026-04-27,100,0.1100806451612903,446061.0,7054.0,112.0,41.0,4,2,0,18,19,0.59375,3.9213285150654853,170.61904761904762,0.015875265768958185,0.015766708525184876,0.4316623728277731,0.020467104814317877,0.5457894617151434,0.23268181171386068,3.4124999999999996,2.0965516269385566e-06,0.015875265768958185,0.0,0.0,0,0.0,21.27738875757911,0.01606503131851626
69ef434f5a2461e98614acc5,cb7a76b0-6059-463a-92c1-76aa58be47e0,2026-04-27 11:03:03.731,guantes de boxeo,MX,MX,es,"['google_trends', 'youtube', 'aliexpress']",MX,MXN,ES,23.052222222222223,91.73333333333332,Sports & Entertainment,31,23.12903225806452,100,0,22.82212659603814,2026-03-28,0,2026-04-27,100,1.419758064516129,527478.0,11569.0,246.0,25.0,4,2,0,18,100,3.125,0.9709054380523321,454.4230769230769,0.021261884183232497,0.020903859174001355,1.3784508255573633,0.04157619993532591,3.813923407400563,0.945836797429388,44.012499999999996,1.2259601512196721e-10,0.021261884183232497,0.0,0.0,0,0.0,37.00659749338416,0.02239899597898684
69ef49255a2461e98614ad0b,43774495-1fbf-48b5-b9fa-874babb825ac,2026-04-27 11:30:24.418,medias de compresion,MX,MX,es,"['google_trends', 'youtube', 'aliexpress']",MX,MXN,ES,20.752,93.66,Underwear,31,67.06451612903226,100,0,16.719121754986553,2026-03-28,0,2026-04-27,54,0.3004032258064517,18099.0,94.0,14.0,18.0,4,2,0,18,54,1.6875,3.7848668267183627,5.684210526315789,0.14736842105263157,0.13761467889908258,1.1369862039940246,0.04597278411180581,4.3058109599117325,0.24563638597373608,9.312500000000002,5.4824878708369244e-08,0.14736842105263157,0.0,0.0,0,0.0,30.338706380999152,0.0059668508287292815
69ef49b85a2461e98614ad4b,06bd09cc-46ab-4dce-82d6-b60dfbaed6ac,2026-04-27 11:32:59.740,carrito de compras,MX,MX,es,"['google_trends', 'youtube', 'aliexpress']",MX,MXN,ES,24.016,92.48,Home & Garden,31,23.12903225806452,100,0,26.64925506836776,2026-03-28,0,2026-04-27,32,1.1096774193548389,3069969.0,148333.0,13189.0,33.0,4,2,0,18,32,1.0,0.8365155661833863,4750.64705882353,0.08891420712715897,0.08166019699980807,0.928262434732532,0.03997441637352095,3.6968340262232178,1.1044477367906425,34.400000000000006,2.6691659559416683e-12,0.08891420712715897,0.0,0.0,0,0.0,66.88884690250582,0.05261354345482203
69ef4a675a2461e98614ad9a,bd1138c4-508a-4c60-9613-fd7e2c5096c8,2026-04-27 11:34:59.976,plancha de pelo,MX,MX,es,"['google_trends', 'youtube', 'aliexpress']",MX,MXN,ES,11.724,93.32,Beauty & Health,31,24.516129032258064,100,0,25.52237053742192,2026-03-28,84,2026-04-27,35,-0.3633064516129033,565942.0,22435.0,350.0,38.0,4,2,0,18,-49,-1.53125,0.9243566293467947,584.2307692307693,0.015599928686040293,0.01540419555867638,-0.3358247270328477,0.07859163784973279,7.334171644137063,1.000244610189734,-11.262500000000003,8.23711843694736e-12,0.015599928686040293,0.0,0.0,0,0.0,32.68217630030806,0.0402602382218704
69ef53055a2461e98614adee,cb602744-d11c-44d9-9549-3702a61f26fe,2026-04-27 12:13:56.076,sombrero vaquero,MX,MX,es,"['google_trends', 'youtube', 'aliexpress']",MX,MXN,ES,26.501,91.3,Apparel Accessories,31,65.87096774193549,100,43,16.483814153048982,2026-03-28,50,2026-04-27,95,1.1725806451612903,238456.0,5939.0,125.0,37.0,4,2,0,18,45,1.40625,3.767539918081795,159.57894736842104,0.021043771043771045,0.020774938169826875,4.417744387815266,0.03636231409766917,3.3198792771171957,0.24650180354294182,36.35,6.936980482779476e-08,0.021043771043771045,0.0,0.0,0,0.0,40.83030320810989,0.02543016141274947
69ef536a5a2461e98614ae41,2d5b89ac-ebdb-4e04-ba15-7dde37dee921,2026-04-27 12:14:46.812,montura para caballo,MX,MX,es,"['google_trends', 'youtube', 'aliexpress']",MX,MXN,ES,44.187,88.34,Apparel Accessories,31,21.451612903225808,100,0,37.382561629434846,2026-03-28,0,2026-04-27,0,1.6298387096774194,1046229.0,9516.0,539.0,40.0,4,2,0,18,0,0.0,0.5588895579802828,245.2439024390244,0.056635494378480616,0.05369928400954654,0.9108998360307674,0.022130258702724236,1.9549870537986591,1.6650278886673566,50.525,5.820492915045921e-17,0.056635494378480616,0.0,0.0,0,0.0,42.227341121822036,0.009610697456582204
69ef53e75a2461e98614ae97,f2e84368-2751-4061-9f01-2250133e5a10,2026-04-27 12:16:54.961,licra de mujer,MX,MX,es,"['google_trends', 'youtube', 'aliexpress']",MX,MXN,ES,23.572,92.62,"Sports Shoes,Clothing&Accessories",31,19.774193548387096,100,0,22.931360880417827,2026-03-28,0,2026-04-27,42,1.538306451612903,6890.0,134.0,1.0,1.0,4,2,0,18,42,1.3125,0.8262878842200574,67.5,0.007407407407407408,0.014705882352941176,1.2710839831852898,0.04069672798307016,3.7693309457919586,1.1038388001443364,47.68749999999999,1.099098226526547e-10,0.007407407407407408,0.0,0.0,0,0.0,34.67898244052069,0.0195907705703091
69ef63a75a2461e98614aec6,c38a66aa-3975-4d94-b893-30cb697df7f0,2026-04-27 13:24:00.981,taladro de bateria,MX,MX,es,"['google_trends', 'youtube', 'aliexpress']",MX,MXN,ES,40.568,96.57,Consumer Electronics,31,36.774193548387096,100,0,39.9697466236814,2026-03-28,0,2026-04-27,69,3.6625,3111.0,41.0,0.0,3.0,4,2,0,18,69,2.15625,0.8975938730148459,10.25,0.0,0.023809523809523808,3.2874375599168735,0.02405696689761355,2.3231812933025404,1.0581230959300798,113.53750000000001,4.3788452593493614e-18,0.0,0.0,0.0,0,0.0,57.59357122659788,0.013174807197943445
69ef67485a2461e98614aef7,d68b4dca-94ef-49d1-96f1-5a1dd2298669,2026-04-27 13:38:23.717,maquina de soldar,MX,MX,es,"['google_trends', 'youtube', 'aliexpress']",MX,MXN,ES,3826.537,18.0,Tools,31,50.96774193548387,100,0,30.52592763642927,2026-03-28,100,2026-04-27,36,0.8278225806451613,83430.0,1536.0,36.0,22.0,4,2,0,18,-64,-2.0,1.6166928543155359,68.34782608695652,0.02342225113858165,0.023521932612841703,1.3383348507700787,0.00026126462004155676,0.004702763160748022,0.5874014628983907,25.6625,5.530419466148833e-14,0.02342225113858165,0.0,0.0,0,0.0,40.34070637206163,0.018841917272956095
69ef906c205dde4468cfd848,9b6aeece-dfaa-463c-bddd-ffcfcb6a43be,2026-04-27 16:33:41.283,robot aspirador,MX,MX,es,"['google_trends', 'youtube', 'aliexpress']",MX,MXN,ES,343.91700000000003,94.04,Home Appliances,91,3.2967032967032965,100,0,11.46152453064358,2026-01-27,0,2026-04-27,15,0.1620958751393534,9243.0,491.0,18.0,10.0,4,2,0,18,15,0.16304347826086957,0.26455056029433,46.27272727272727,0.036585365853658534,0.03725490196078431,0.042882554589515696,0.002899248224935274,0.2726453030729132,2.667515939356946,14.75072463768116,1.0527448902447205e-05,0.036585365853658534,0.0,0.0,0,0.0,27.698219263258324,0.055062743401125054
69ef90bd205dde4468cfd8bc,ddf05e21-05c2-432c-ac69-85a9c36365d9,2026-04-27 16:36:26.619,card play,MX,MX,es,"['google_trends', 'youtube', 'aliexpress']",MX,MXN,ES,130.879,95.2,"Automobiles, Parts & Accessories",91,21.0989010989011,100,0,31.488641671792617,2026-01-27,88,2026-04-27,10,-0.0306418219461697,,,,,4,2,0,18,-78,-0.8478260869565217,0.6494239221216701,0.0,0.0,1.0,-0.019899532189235392,0.007582708391783378,0.7218738388977776,1.4248962666002627,-2.7884057971014427,2.1118189339214014e-14,0.0,0.0,0.0,0,0.0,24.661914983495222,0.0
69ef92c9205dde4468cfd926,ad1103a7-464c-445e-b7b4-f548c04bc1c5,2026-04-27 16:45:16.242,aspiradora de mano,MX,MX,es,"['google_trends', 'youtube', 'aliexpress']",MX,MXN,ES,1029.749,0.0,Home Appliances,91,10.395604395604396,100,0,22.08613397127967,2026-01-27,0,2026-04-27,20,0.2437171524128046,52279.0,1675.0,11.0,22.0,4,2,0,18,20,0.21739130434782608,0.4502964597076782,73.30434782608695,0.0065632458233890216,0.007113218731475993,0.10974497090152252,0.00097016829509415,0.0,1.9381274748181772,22.178260869565218,2.559256940293724e-10,0.0065632458233890216,0.0,0.0,0,0.0,19.36578767969093,0.03224942616679419
69ef935f205dde4468cfd9a6,dd91ba01-6e48-4db2-9f1a-e038990a9adf,2026-04-27 16:46:23.124,aceite de oliva,MX,MX,es,"['google_trends', 'youtube', 'aliexpress']",MX,MXN,ES,24.123,92.05,Home & Garden,91,70.03296703296704,100,50,7.632460720793568,2026-01-27,63,2026-04-27,64,0.0356585443541965,240132.0,4748.0,70.0,38.0,4,2,0,18,1,0.010869565217391304,8.112746677696904,123.53846153846153,0.014739945251631923,0.014733347167462128,0.28928873724101534,0.03980416351550372,3.6639732516021173,0.10744955532057776,3.2449275362318812,0.00048446725173623254,0.014739945251631923,0.0,0.0,0,0.0,29.350880034152578,0.020063881265798538
69ef93e5205dde4468cfda36,42aee9c9-7d38-41b2-869a-d91cef37e222,2026-04-27 16:49:21.752,kit de extensiones de pestañas,MX,MX,es,"['google_trends', 'youtube', 'aliexpress']",MX,MXN,ES,15.891,95.44,Beauty & Health,91,1.098901098901099,100,0,10.48284836721918,2026-01-27,0,2026-04-27,0,-0.0318522057652492,4649.0,85.0,4.0,4.0,4,2,0,18,0,0.0,0.09569934773659487,17.8,0.046511627906976744,0.05555555555555555,-0.003048235315706155,0.059203125925048845,5.650346338286662,4.994446080716991,-2.898550724637677,2.8012817989005427e-05,0.046511627906976744,0.0,0.0,0,0.0,15.972436196227502,0.019139784946236558
69ef9430205dde4468cfdaa4,a131f8e3-ab33-42b6-b2a0-41d0c51af400,2026-04-27 16:51:03.306,pestañas postizas,MX,MX,es,"['google_trends', 'youtube', 'aliexpress']",MX,MXN,ES,18.243,96.39,Beauty & Health,91,33.53846153846154,100,0,24.333017209045952,2026-01-27,0,2026-04-27,43,0.2351170568561873,1269.0,11.0,0.0,2.0,4,2,0,18,43,0.4673913043478261,1.323903160121234,3.6666666666666665,0.0,0.08333333333333333,0.31127221457031023,0.051966949020423016,5.009094216078575,0.7045194292151389,21.395652173913046,2.7058573546425856e-11,0.0,0.0,0.0,0,0.0,27.628876588328776,0.008661417322834646
69ef9497205dde4468cfdb10,a34dfdc4-2379-4aaa-8099-08f7d7c9f24d,2026-04-27 16:52:21.565,brillo labial perfumado,MX,MX,es,"['google_trends', 'youtube', 'aliexpress']",MX,MXN,ES,24.869,73.88,Beauty & Health,91,1.098901098901099,100,0,10.482848367219182,2026-01-27,0,2026-04-27,0,2.2632353424433835e-19,,,,,4,2,0,18,0,0.0,0.09569934773659486,0.0,0.0,1.0,2.165901460462407e-20,0.03865630677645058,2.8559279446441685,4.994446080716992,2.059544161623479e-17,2.8012817989005377e-05,0.0,0.0,0.0,0,0.0,8.854900362796965,0.0
69ef9569205dde4468cfdb7a,2e22886f-587c-4f85-a8f5-09dcf6bd0ef9,2026-04-27 16:54:16.295,rubor liquido,MX,MX,es,"['google_trends', 'youtube', 'aliexpress']",MX,MXN,ES,18.852222222222224,60.62222222222223,Beauty & Health,91,5.274725274725275,100,0,15.29202111056317,2026-01-27,0,2026-04-27,13,0.0864309603440038,4040.0,83.0,3.0,2.0,4,2,0,18,13,0.14130434782608695,0.3237612595103581,28.666666666666668,0.03571428571428571,0.04597701149425287,0.027982996581664484,0.05037219454860916,3.0536743717467956,2.4370821734873003,7.865217391304346,2.2843340562326e-07,0.03571428571428571,0.0,0.0,0,0.0,16.111815252197026,0.02128186092551349
69ef9852205dde4468cfdbe5,09e90d03-e3a5-48b0-a92a-d631243ae0ff,2026-04-27 17:03:51.842,jabon blanqueador,MX,MX,es,"['google_trends', 'youtube', 'aliexpress']",MX,MXN,ES,23.149,89.35,Beauty & Health,91,1.098901098901099,100,0,10.482848367219182,2026-01-27,0,2026-04-27,0,0.0541487498009237,97555.0,2791.0,106.0,5.0,4,2,0,18,0,0.0,0.09569934773659486,482.8333333333333,0.03796561604584527,0.03692201518288475,0.005182000036700469,0.04140958217731583,3.6999461675431693,4.994446080716992,4.927536231884057,2.8012817989005377e-05,0.03796561604584527,0.0,0.0,0,0.0,18.856311886588134,0.029695764483988682
69ef99b0205dde4468cfdc54,6a766a56-cd1f-4968-a3cd-41019562aeee,2026-04-27 17:10:21.332,cargador USB,MX,MX,es,"['google_trends', 'youtube', 'aliexpress']",MX,MXN,ES,16.441,94.66,Phones & Telecommunications Accessories,91,38.934065934065934,100,0,31.294941798530044,2026-01-27,56,2026-04-27,53,0.0915750915750915,759.0,4.0,2.0,2.0,4,2,0,18,-3,-0.03260869565217391,1.2055778324962976,2.0,0.4,0.42857142857142855,0.11040090041174877,0.05733616191732126,5.42744108709363,0.7836653009538344,8.333333333333327,2.5631821230103387e-14,0.4,0.0,0.0,0,0.0,30.486710181371674,0.007894736842105263
69ef9a56205dde4468cfdd48,33632aaa-0e49-45a9-9682-c9b94616be0b,2026-04-27 17:17:33.393,guantes de nitrilo,MX,MX,es,"['google_trends', 'youtube', 'aliexpress']",MX,MXN,ES,22.714,93.06,Apparel Accessories,91,52.0989010989011,100,0,25.778998750082916,2026-01-27,47,2026-04-27,45,-0.1846631629240325,126484.0,3729.0,88.0,30.0,4,2,0,18,-2,-0.021739130434782608,1.9455134071709752,123.12903225806451,0.02359249329758713,0.023310633839706652,-0.3592646592793034,0.04216918276123809,3.924264147760817,0.48549024963939263,-16.804347826086957,6.372694418875816e-12,0.02359249329758713,0.0,0.0,0,0.0,34.84490794286212,0.030177491402142546
69ef9ac2205dde4468cfddd0,b512c809-4cfb-47ea-89bc-cbfc1e8ebe98,2026-04-27 17:19:07.687,ganchos para puerta,MX,MX,es,"['google_trends', 'youtube', 'aliexpress']",MX,MXN,ES,17.826,93.75,"Automobiles, Parts & Accessories",91,1.098901098901099,100,0,10.482848367219184,2026-01-27,0,2026-04-27,0,0.0605191909539735,14945.0,250.0,24.0,5.0,4,2,0,18,0,0.0,0.09569934773659484,45.666666666666664,0.09561752988047809,0.09090909090909091,0.005791647099841695,0.053118028258791035,4.979815149261659,4.994446080716993,5.5072463768115885,2.801281798900533e-05,0.09561752988047809,0.0,0.0,0,0.0,16.195565410604996,0.01833266425799545
69ef9c07205dde4468cfde3f,973e1f9f-aded-4bda-bf5c-01ff9bd26de5,2026-04-27 17:23:58.727,proyector para cine,MX,MX,es,"['google_trends', 'youtube', 'aliexpress']",MX,MXN,ES,25.535,94.52,Consumer Electronics,91,1.989010989010989,100,0,13.41681739500799,2026-01-27,0,2026-04-27,0,0.0989170250039815,100750.0,2517.0,119.0,40.0,4,2,0,18,0,0.0,0.13796463772231102,64.29268292682927,0.047259729944400315,0.04550625711035267,0.013647051519243088,0.03768607499528924,3.5620878085547387,4.488714643182821,9.001449275362317,1.489876399195231e-06,0.047259729944400315,0.0,0.0,0,0.0,20.343112237737415,0.026163512024694545
69efa961205dde4468cfe00f,1dbc36fd-feaa-442d-a04c-fa24872613fb,2026-04-27 18:22:25.214,eslabones italianos,MX,MX,es,"['google_trends', 'youtube', 'aliexpress']",MX,MXN,ES,6.847,94.23,Jewelry & Accessories,91,1.098901098901099,100,0,10.482848367219182,2026-01-27,0,2026-04-27,0,0.017518713170887,,,,,4,2,0,18,0,0.0,0.09569934773659486,0.0,0.0,1.0,0.0016765294236383795,0.12743723716069835,12.008410857652606,4.994446080716992,1.594202898550717,2.8012817989005377e-05,0.0,0.0,0.0,0,0.0,11.306765744287695,0.0
69f040843f2d6f944279fdb5,41a7d559-2143-488e-8cb3-d525dcd2b4de,2026-04-28 05:05:22.221,sarten huevos,MX,MX,es,"['google_trends', 'youtube', 'aliexpress']",MX,MXN,ES,30.276,90.4,Home & Garden,91,8.219780219780219,100,0,22.77757288689527,2026-01-27,0,2026-04-27,0,0.4478260869565217,1138007.0,30324.0,646.0,39.0,4,2,1,18,0,0.0,0.3456946703046573,774.25,0.021302555647155812,0.02089051047754351,0.15481109148425956,0.03197339813275355,2.890395191200921,2.4705114811769606,40.75217391304348,1.2818162827539536e-10,0.021302555647155812,0.0,0.0,0,0.0,31.581109573902072,0.02721421993518499
69f04c083f2d6f944279fff3,06270e56-9f89-43b3-9ff7-551d80c82bb9,2026-04-28 05:55:35.330,lampara led escritorio,MX,MX,es,"['google_trends', 'youtube', 'aliexpress']",MX,MXN,ES,48.731,93.31,Lights & Lighting,91,5.483516483516484,100,0,19.628416270161107,2026-01-27,0,2026-04-27,0,0.3050167224080267,1250.0,34.0,19.0,18.0,4,2,1,18,0,0.0,0.2658234355803824,2.789473684210526,0.5428571428571428,0.37037037037037035,0.08108059305996947,0.020108182019263638,1.8762944642174901,3.0274336959062045,27.756521739130427,2.9887330448541198e-09,0.5428571428571428,0.0,0.0,0,0.0,28.612746107005915,0.042366107114308556
69f050043f2d6f94427a006f,f3b6f6c7-19de-42e2-a89a-47c0fbdf41b6,2026-04-28 06:12:35.757,soporte celular escritorio,MX,MX,es,"['google_trends', 'youtube', 'aliexpress']",MX,MXN,ES,27.368,89.62,Phones & Telecommunications Accessories,91,2.065934065934066,100,0,13.886686027992742,2026-01-28,0,2026-04-28,0,0.1169612995699952,1790.0,8.0,1.0,11.0,4,2,1,18,0,0.0,0.13877729818774368,0.75,0.1111111111111111,0.2,0.01623157314685124,0.03525098702763677,3.159193457416808,4.529349206262865,10.643478260869562,9.312984628217559e-07,0.1111111111111111,0.0,0.0,0,0.0,14.390443859127776,0.005025125628140704
69f050fa3f2d6f94427a00e4,77232e32-0b10-4552-80aa-b8a5ea2df6a1,2026-04-28 06:16:48.361,soporte celular coche magnetico,MX,MX,es,"['google_trends', 'youtube', 'aliexpress']",MX,MXN,ES,16.585,87.15,Phones & Telecommunications Accessories,91,1.098901098901099,100,0,10.482848367219182,2026-01-28,0,2026-04-28,0,0.0127408823060996,22470.0,118.0,1.0,14.0,4,2,1,18,0,0.0,0.09569934773659486,7.933333333333334,0.008403361344537815,0.016666666666666666,0.0012192941262824542,0.05686664771111743,4.9559283480238845,4.994446080716992,1.1594202898550636,2.8012817989005377e-05,0.008403361344537815,0.0,0.0,0,0.0,11.852255635837455,0.005295714476436296
69f051ef3f2d6f94427a015c,2bfc1745-9ab7-4418-8f4c-b54b9087b772,2026-04-28 06:20:54.338,soporte celular bicicleta,MX,MX,es,"['google_trends', 'youtube', 'aliexpress']",MX,MXN,ES,31.663,92.17,Phones & Telecommunications Accessories,91,1.098901098901099,100,0,10.482848367219182,2026-01-28,0,2026-04-28,0,0.0541487498009237,2434.0,40.0,13.0,12.0,4,2,1,18,0,0.0,0.09569934773659486,4.076923076923077,0.3170731707317073,0.25925925925925924,0.005182000036700469,0.030615681351988493,2.821847350212779,4.994446080716992,4.927536231884057,2.8012817989005377e-05,0.3170731707317073,0.0,0.0,0,0.0,16.81718974338308,0.021765913757700206
69f053ec3f2d6f94427a01d2,f1c51b6a-ee89-487c-a46a-5c97ef79df3f,2026-04-28 06:28:42.837,base refrigerante laptop,MX,MX,es,"['google_trends', 'youtube', 'aliexpress']",MX,MXN,ES,143.05,61.58888888888888,Computer & Office,91,1.098901098901099,100,0,10.482848367219182,2026-01-28,0,2026-04-28,0,0.0143334925943621,7789.0,159.0,14.0,7.0,4,2,1,18,0,0.0,0.09569934773659486,21.625,0.0875,0.08620689655172414,0.0013717058920677658,0.006942034015966677,0.4275521616722588,4.994446080716992,1.304347826086951,2.8012817989005377e-05,0.0875,0.0,0.0,0,0.0,13.382113602115552,0.02220795892169448
69f055083f2d6f94427a0242,ffd11a38-44e1-42b1-8a96-1a71e1301d2f,2026-04-28 06:33:27.497,mini ventilador usb,MX,MX,es,"['google_trends', 'youtube', 'aliexpress']",MX,MXN,ES,49.801,92.54,Home Appliances,91,1.7912087912087913,100,0,12.327490943701116,2026-01-28,0,2026-04-28,0,0.0954610606784519,496.0,3.0,1.0,5.0,4,2,1,18,0,0.0,0.13439955043116036,0.6666666666666666,0.25,0.4,0.012829923638865657,0.019684651876931556,1.8216176846912462,4.41654203101103,8.686956521739123,4.428317053567735e-06,0.25,0.0,0.0,0,0.0,14.663718217199861,0.008048289738430584
69f056e73f2d6f94427a02b1,53eea439-9fa4-4164-813a-c38b4c3c6503,2026-04-28 06:38:11.056,ventilador portatil mano,MX,MX,es,"['google_trends', 'youtube', 'aliexpress']",MX,MXN,ES,60.852,85.07000000000001,Home & Garden,91,1.098901098901099,100,0,10.482848367219182,2026-01-28,0,2026-04-28,0,0.0557413600891861,10213.0,133.0,9.0,14.0,4,2,1,18,0,0.0,0.09569934773659486,9.466666666666667,0.06716417910447761,0.06993006993006994,0.00533441180248577,0.01616762594580612,1.3753799392097266,4.994446080716992,5.072463768115935,2.8012817989005377e-05,0.06716417910447761,0.0,0.0,0,0.0,14.115053376702528,0.013902486782847072
69f058c53f2d6f94427a0329,8f6de307-1a41-4bf7-b4a7-1de706696bf2,2026-04-28 06:49:58.768,difusor aceites esenciales,MX,MX,es,"['google_trends', 'youtube', 'aliexpress']",MX,MXN,ES,187.242,91.72,Home Appliances,91,8.956043956043956,100,0,22.916714951664083,2026-01-28,0,2026-04-28,0,0.4886606147475713,15300.0,295.0,22.0,24.0,4,2,1,18,0,0.0,0.3744679808303193,12.68,0.07432432432432433,0.07232704402515723,0.18298775371582557,0.00531231074892957,0.4872451418918201,2.3017892501119555,44.46811594202899,1.1153139985059182e-10,0.07432432432432433,0.0,0.0,0,0.0,26.66516238957917,0.020717600156852492
69f059ee3f2d6f94427a03ab,a7a0c436-50fe-49a0-8c35-b915c65f9ca8,2026-04-28 06:54:11.200,purificador aire portatil,MX,MX,es,"['google_trends', 'youtube', 'aliexpress']",MX,MXN,ES,4063.95,0.0,Furniture,91,1.098901098901099,100,0,10.482848367219184,2026-01-28,0,2026-04-28,0,0.0668896321070234,3089.0,50.0,7.0,6.0,4,2,1,18,0,0.0,0.09569934773659484,8.142857142857142,0.13725490196078433,0.13793103448275862,0.006401294162982931,0.0002460054859223361,0.0,4.994446080716993,6.086956521739129,2.801281798900533e-05,0.13725490196078433,0.0,0.0,0,0.0,15.03199827832485,0.018446601941747572
69f05fa73f2d6f94427a0413,cbd1395e-cd9a-44a5-9747-7b88cb8aae47,2026-04-28 07:19:17.319,protector teclado silicona,MX,MX,es,"['google_trends', 'youtube', 'aliexpress']",MX,MXN,ES,21.001,92.75,Phones & Telecommunications Accessories,91,1.098901098901099,100,0,10.48284836721918,2026-01-28,0,2026-04-28,0,-0.0557413600891861,,,,,4,2,1,18,0,0.0,0.09569934773659487,0.0,0.0,1.0,-0.005334411802485771,0.04545247943275305,4.2157174673878455,4.994446080716991,-5.072463768115935,2.8012817989005427e-05,0.0,0.0,0.0,0,0.0,10.71439547044801,0.0
69f067693f2d6f94427a047d,2889ad1a-1bec-4f3c-aada-8783be753827,2026-04-28 07:52:21.585,espejo maquillaje led,MX,MX,es,"['google_trends', 'youtube', 'aliexpress']",MX,MXN,ES,64.70700000000001,95.35,Beauty & Health,91,4.0989010989010985,100,0,19.283300169982976,2026-01-28,0,2026-04-28,0,0.2271221532091097,16303.0,151.0,31.0,33.0,4,2,1,18,0,0.0,0.2020825538522087,5.352941176470588,0.20394736842105263,0.17486338797814208,0.0458974247569095,0.015219078636979315,1.4511391480359777,3.781854128164765,20.668115942028983,4.2205509101803e-09,0.20394736842105263,0.0,0.0,0,0.0,20.224161976372276,0.011162904808635918
69f068b53f2d6f94427a0508,758b0f7f-3a2b-4269-8e95-46bb535d9a75,2026-04-28 07:56:41.647,organizador joyeria,MX,MX,es,"['google_trends', 'youtube', 'aliexpress']",MX,MXN,ES,74.467,89.47,Home & Garden,91,1.098901098901099,100,0,10.482848367219182,2026-01-28,0,2026-04-28,0,0.0589265806657111,91216.0,5315.0,121.0,15.0,4,2,1,18,0,0.0,0.09569934773659486,339.75,0.022761474793077503,0.022438844951259886,0.005639235334056394,0.013250824863847774,1.1855513005684604,4.994446080716992,5.36231884057971,2.8012817989005377e-05,0.022761474793077503,0.0,0.0,0,0.0,26.604577603103607,0.059594154598375304
69f06e8b3f2d6f94427a0581,9ccc36ba-71ae-4c42-8991-42385104a7af,2026-04-28 08:22:05.502,organizador zapatos,MX,MX,es,"['google_trends', 'youtube', 'aliexpress']",MX,MXN,ES,25.756,91.31,Home & Garden,91,11.483516483516484,100,0,26.59881477616902,2026-01-28,0,2026-04-28,100,0.63258480649785,77223.0,729.0,33.0,22.0,4,2,1,18,100,1.0869565217391304,0.4160873058009814,33.130434782608695,0.045205479452054796,0.04456094364351245,0.26321050782632555,0.037374794438630586,3.412692480191359,2.130714916048751,57.56521739130435,2.807252760339447e-12,0.045205479452054796,0.0,0.0,0,0.0,26.69560804056163,0.009867398736144204
69f06fb03f2d6f94427a0601,e002b98e-9209-4947-9fbe-fa44e480d14a,2026-04-28 08:27:05.357,zapatero portatil,MX,MX,es,"['google_trends', 'youtube', 'aliexpress']",MX,MXN,ES,21.913,93.85,Home & Garden,91,1.098901098901099,100,0,10.482848367219184,2026-01-28,0,2026-04-28,0,0.0652970218187609,,,,,4,2,1,18,0,0.0,0.09569934773659484,0.0,0.0,1.0,0.00624888239719762,0.04364334657181513,4.095928075764849,4.994446080716993,5.942028985507243,2.801281798900533e-05,0.0,0.0,0.0,0,0.0,11.594232505979974,0.0
69f072c13f2d6f94427a066b,47e84e3c-f194-4bdb-8049-e952827dd367,2026-04-28 08:37:33.678,dispensador jabon automatico,MX,MX,es,"['google_trends', 'youtube', 'aliexpress']",MX,MXN,ES,138.67000000000002,65.32000000000001,Home Improvement,91,1.098901098901099,100,0,10.482848367219182,2026-01-28,0,2026-04-28,0,0.062111801242236,4266.0,27.0,0.0,4.0,4,2,1,18,0,0.0,0.09569934773659486,5.4,0.0,0.03571428571428571,0.005944058865627008,0.007159733657907925,0.4676738025345457,4.994446080716992,5.652173913043477,2.8012817989005377e-05,0.0,0.0,0.0,0,0.0,10.105223805627295,0.006327630653855168
69f078173f2d6f94427a06d9,b2bc87c3-53b0-48c7-9ae7-65d0454e17ec,2026-04-28 08:58:40.825,cortador verduras manual,MX,MX,es,"['google_trends', 'youtube', 'aliexpress']",MX,MXN,ES,61.99,92.29,Home & Garden,91,1.098901098901099,100,0,10.482848367219182,2026-01-28,0,2026-04-28,0,0.0637044115304985,476.0,8.0,4.0,8.0,4,2,1,18,0,0.0,0.09569934773659486,1.3333333333333333,0.4444444444444444,0.38461538461538464,0.006096470631412319,0.015875535799333228,1.4651531989204636,4.994446080716992,5.797101449275363,2.8012817989005377e-05,0.4444444444444444,0.0,0.0,0,0.0,17.799051615811795,0.025157232704402517
69f07b2e3f2d6f94427a074b,07857da9-6207-4b24-8e7c-7ea40cbddc1a,2026-04-28 09:12:46.747,pelador frutas acero,MX,MX,es,"['google_trends', 'youtube', 'aliexpress']",MX,MXN,ES,38.511,75.61,Home & Garden,91,1.098901098901099,100,0,10.482848367219182,2026-01-28,0,2026-04-28,0,0.020703933747412,,,,,4,2,1,18,0,0.0,0.09569934773659486,0.0,0.0,1.0,0.0019813529552090026,0.025309407506770264,1.9136443015868998,4.994446080716992,1.884057971014492,2.8012817989005377e-05,0.0,0.0,0.0,0,0.0,9.218988037552656,0.0
69f085783f2d6f94427a0843,bd371d23-dfe9-4e69-92b4-3163ccefbbef,2026-04-28 09:59:57.955,taza mezcladora automatica,MX,MX,es,"['google_trends', 'youtube', 'aliexpress']",MX,MXN,ES,38.5875,77.9875,Home & Garden,91,1.098901098901099,100,0,10.482848367219184,2026-01-28,0,2026-04-28,0,0.0031852205765249,467.0,2.0,1.0,4.0,4,2,1,18,0,0.0,0.09569934773659484,0.6,0.3333333333333333,0.5,0.00030482353157061355,0.025260498894853173,1.9700031575623618,4.994446080716993,0.2898550724637659,2.801281798900533e-05,0.3333333333333333,0.0,0.0,0,0.0,10.995899072880336,0.00641025641025641
69f089043f2d6f94427a08af,107668dd-e6e7-4879-a50b-502c90a324f2,2026-04-28 10:15:39.149,molinillo cafe manual,MX,MX,es,"['google_trends', 'youtube', 'aliexpress']",MX,MXN,ES,4897.381666666667,57.71666666666667,Home & Garden,91,1.098901098901099,100,0,10.48284836721918,2026-01-28,0,2026-04-28,0,-0.062111801242236,3084.0,52.0,12.0,9.0,4,2,1,18,0,0.0,0.09569934773659487,6.4,0.22641509433962265,0.2,-0.005944058865627009,0.00020414905739276473,0.011782803095852406,4.994446080716991,-5.652173913043477,2.8012817989005427e-05,0.22641509433962265,0.0,0.0,0,0.0,23.606495806826256,0.020745542949756886
69f08b1f3f2d6f94427a091e,5e0ed284-6234-44c9-8d77-a8c942518526,2026-04-28 10:24:12.092,cafetera portatil viaje,MX,MX,es,"['google_trends', 'youtube', 'aliexpress']",MX,MXN,ES,83.876,66.64,Home & Garden,91,1.098901098901099,100,0,10.482848367219182,2026-01-28,0,2026-04-28,0,0.0047778308647873,4043.0,87.0,21.0,19.0,4,2,1,18,0,0.0,0.09569934773659486,5.4,0.23863636363636365,0.2018348623853211,0.00045723529735591556,0.01178189358593713,0.7851453885668505,4.994446080716992,0.43478260869564433,2.8012817989005377e-05,0.23863636363636365,0.0,0.0,0,0.0,14.892408041773363,0.026706231454005934
69f08d973f2d6f94427a099b,1e836f2d-c060-4660-8bb8-786cbbfacef8,2026-04-28 10:34:41.134,bascula cocina digital,MX,MX,es,"['google_trends', 'youtube', 'aliexpress']",MX,MXN,ES,46.04,94.52,Home & Garden,91,1.8131868131868127,100,0,10.641545510051198,2026-01-28,0,2026-04-28,0,0.0091097308488612,11226.0,59.0,2.0,17.0,4,2,1,18,0,0.0,0.15575138297757155,3.388888888888889,0.03333333333333333,0.04838709677419355,0.0014188531782635787,0.021258503401360544,2.0093537414965987,3.7827368805260124,0.8289855072463692,2.3902069566116606e-05,0.03333333333333333,0.0,0.0,0,0.0,12.984239871818001,0.005433330364300348
69f08e943f2d6f94427a0a16,564a0342-7e38-413a-980f-82acc19eaa92,2026-04-28 10:39:21.101,temporizador cocina digital,MX,MX,es,"['google_trends', 'youtube', 'aliexpress']",MX,MXN,ES,41.995,75.69,Home & Garden,91,1.098901098901099,100,0,10.482848367219182,2026-01-28,0,2026-04-28,0,0.0286669851887243,1057.0,12.0,4.0,11.0,4,2,1,18,0,0.0,0.09569934773659486,1.3333333333333333,0.3076923076923077,0.29411764705882354,0.002743411784135541,0.02325851843237586,1.7604372601465288,4.994446080716992,2.6086956521739113,2.8012817989005377e-05,0.3076923076923077,0.0,0.0,0,0.0,13.076915489251183,0.015122873345935728
69f08fab3f2d6f94427a0a8b,2b9808d4-685a-4a82-bbe6-51b80b85b074,2026-04-28 10:43:43.126,sellador bolsas plastico,MX,MX,es,"['google_trends', 'youtube', 'aliexpress']",MX,MXN,ES,33.699,94.62,Home & Garden,91,2.043956043956044,100,0,13.750080474844976,2026-01-28,0,2026-04-28,0,0.1068960025481764,37663.0,290.0,1.0,3.0,4,2,1,18,0,0.0,0.13857253507476378,72.75,0.003436426116838488,0.00684931506849315,0.014812850062459212,0.028819274330672356,2.7268797371682183,4.517174452024884,9.727536231884052,1.0676180901773345e-06,0.003436426116838488,0.0,0.0,0,0.0,15.63410774332413,0.007726210705182668
69f092793f2d6f94427a0af8,886b7bfd-806b-4efe-9f19-e3530241b319,2026-04-28 10:56:05.549,organizador refrigerador,MX,MX,es,"['google_trends', 'youtube', 'aliexpress']",MX,MXN,ES,49.732,72.4,Home & Garden,91,4.186813186813187,100,0,17.813797453978747,2026-01-28,0,2026-04-28,0,0.2368530020703934,1724.0,26.0,2.0,9.0,4,2,1,18,0,0.0,0.22253950575659878,2.8,0.07407407407407407,0.10344827586206896,0.052709150017712016,0.019711424741780337,1.4271071513048965,3.434439763373021,21.553623188405798,1.8347042373749565e-08,0.07407407407407407,0.0,0.0,0,0.0,18.127947837652787,0.016231884057971015
69f094673f2d6f94427a0b6b,068c553d-6eac-4fcd-a497-926e06467fe3,2026-04-28 11:00:10.144,contenedores alimentos hermeticos,MX,MX,es,"['google_trends', 'youtube', 'aliexpress']",MX,MXN,ES,24.917,82.42,Home & Garden,91,2.076923076923077,100,0,13.955668517154011,2026-01-28,0,2026-04-28,0,-0.0678133460742156,3369.0,16.0,1.0,4.0,4,2,1,18,0,0.0,0.13887196513755742,3.4,0.058823529411764705,0.1111111111111111,-0.009417372631879585,0.03858471273681367,3.180152023768183,4.535592268075053,-6.17101449275362,8.692209231215044e-07,0.058823529411764705,0.0,0.0,0,0.0,12.438554724636536,0.005044510385756677
69f095b93f2d6f94427a0bd9,eb94d016-99ae-4875-8e8c-06517ea37169,2026-04-28 11:08:33.514,lonchera termica,MX,MX,es,"['google_trends', 'youtube', 'aliexpress']",MX,MXN,ES,100.92888888888888,93.92222222222222,Luggage & Bags,91,7.802197802197802,100,0,18.59702472035052,2026-01-28,0,2026-04-28,22,0.1232361841057493,981729.0,49532.0,343.0,26.0,4,2,1,18,22,0.2391304347826087,0.3981317528316231,1847.2222222222222,0.006924676478307391,0.006897104819953485,0.04906423799030258,0.009810761315078052,0.9214485044039418,2.1127705986915073,11.214492753623187,8.38329568150589e-09,0.006924676478307391,0.0,0.0,0,0.0,34.26629582186581,0.050803173988774916
69f099a13f2d6f94427a0c5c,9faf7990-8017-467c-aed5-b47ab0289bbf,2026-04-28 11:26:30.985,soporte esponja fregadero,MX,MX,es,"['google_trends', 'youtube', 'aliexpress']",MX,MXN,ES,21.428,92.1,Home & Garden,91,1.098901098901099,100,0,10.482848367219182,2026-01-28,0,2026-04-28,0,0.0222965440356744,1.0,0.0,0.0,3.0,4,2,1,18,0,0.0,0.09569934773659486,0.0,0.0,1.0,0.0021337647209943044,0.04458712323880863,4.106474050294275,4.994446080716992,2.0289855072463703,2.8012817989005377e-05,0.0,0.0,0.0,0,0.0,11.121822814566467,0.0
69f09abc3f2d6f94427a0cc9,fb9ff252-528c-4e59-8c3a-0e61896e6b9f,2026-04-28 11:30:50.185,cepillo limpieza cocina,MX,MX,es,"['google_trends', 'youtube', 'aliexpress']",MX,MXN,ES,17.913,92.49,Home & Garden,91,1.098901098901099,100,0,10.482848367219182,2026-01-28,0,2026-04-28,0,0.0445930880713489,272888.0,5021.0,172.0,44.0,4,2,1,18,0,0.0,0.09569934773659486,115.4,0.03424930306650737,0.033307662687716594,0.004267529441988618,0.052873684767091415,4.890287104108285,4.994446080716992,4.05797101449275,2.8012817989005377e-05,0.03424930306650737,0.0,0.0,0,0.0,17.02855849740858,0.019029715378780385
69f0a0e33f2d6f94427a0d5f,d5dec813-5d29-4e85-a07c-34a2eb41eb29,2026-04-28 11:52:02.178,tapete secado platos,MX,MX,es,"['google_trends', 'youtube', 'aliexpress']",MX,MXN,ES,51.961,68.38,Computer & Office,91,1.098901098901099,100,0,10.482848367219178,2026-01-28,0,2026-04-28,0,-0.041407867494824,253.0,0.0,4.0,4.0,4,2,1,18,0,0.0,0.09569934773659489,0.8,4.0,1.0,-0.003962705910418006,0.018881818696776874,1.2911387624856026,4.99444608071699,-3.768115942028984,2.8012817989005478e-05,4.0,0.0,0.0,0,0.0,11.964312938306051,0.015748031496062992
69f0a41f3f2d6f94427a0dcd,953b0147-9e40-45a7-afb2-c4aef1b3bd55,2026-04-28 12:10:46.277,cepillo wc silicona,MX,MX,es,"['google_trends', 'youtube', 'aliexpress']",MX,MXN,ES,37.6,92.9,Home & Garden,91,1.098901098901099,100,0,10.48284836721918,2026-01-28,0,2026-04-28,0,-0.0477783086478738,,,,,4,2,1,18,0,0.0,0.09569934773659487,0.0,0.0,1.0,-0.004572352973559233,0.025906735751295335,2.406735751295337,4.994446080716991,-4.347826086956516,2.8012817989005427e-05,0.0,0.0,0.0,0,0.0,10.821510186632933,0.0
69f0a7033f2d6f94427a0e33,4d9910e0-6e05-4005-918a-d75c40d3d4c1,2026-04-28 12:23:42.289,mopa giratoria,MX,MX,es,"['google_trends', 'youtube', 'aliexpress']",MX,MXN,ES,23.15,64.26666666666667,Home & Garden,91,2.1868131868131866,100,0,14.668872627977391,2026-01-28,0,2026-04-28,0,-0.0236661888835801,37557.0,268.0,5.0,26.0,4,2,1,18,0,0.0,0.13956416895677262,10.11111111111111,0.01858736059479554,0.021897810218978103,-0.003302951983910867,0.041407867494824016,2.661145617667357,4.6029910660204925,-2.153623188405789,4.2598034596344623e-07,0.01858736059479554,0.0,0.0,0,0.0,11.56294175225551,0.007268757654827201
69f0ab873f2d6f94427a0eb0,07189852-9877-4008-b838-dafeb8cc3c79,2026-04-28 12:41:39.876,organizador asiento coche,MX,MX,es,"['google_trends', 'youtube', 'aliexpress']",MX,MXN,ES,46.27166666666667,44.23333333333333,"Automobiles, Parts & Accessories",91,1.098901098901099,100,0,10.48284836721918,2026-01-28,0,2026-04-28,0,-0.0573339703774486,3649.0,43.0,4.0,13.0,4,2,1,18,0,0.0,0.09569934773659487,3.357142857142857,0.09090909090909091,0.10416666666666667,-0.005486823568271083,0.021154320770017276,0.9357261220604307,4.994446080716991,-5.217391304347823,2.8012817989005427e-05,0.09090909090909091,0.0,0.0,0,0.0,8.310279095031026,0.012876712328767123
69f0b2d53f2d6f94427a0f23,285d1f6a-f939-45a6-a648-dde8bd7ac050,2026-04-28 13:09:24.190,inflador neumaticos portatil,MX,MX,es,"['google_trends', 'youtube', 'aliexpress']",MX,MXN,ES,154.64222222222222,87.80000000000001,"Automobiles, Parts & Accessories",91,2.10989010989011,100,0,14.16525526259434,2026-01-28,0,2026-04-28,0,0.0294314381270903,21267.0,488.0,68.0,22.0,4,2,1,18,0,0.0,0.139126580684351,24.17391304347826,0.1390593047034765,0.12387791741472172,0.004094695351245113,0.0064249917902882685,0.56411427918731,4.554905402459664,2.6782608695652175,7.048680162915001e-07,0.1390593047034765,0.0,0.0,0,0.0,19.48255209936393,0.026142561594884334
69f0b4bb3f2d6f94427a0fa2,4aec23dd-e968-451a-bd30-1d8a076f3efb,2026-04-28 13:18:26.288,medidor presion llantas,MX,MX,es,"['google_trends', 'youtube', 'aliexpress']",MX,MXN,ES,18.627,91.79,Tools,91,3.89010989010989,100,0,18.355411281720805,2026-01-28,0,2026-04-28,0,0.2037585602802994,310105.0,5084.0,232.0,10.0,4,2,1,18,0,0.0,0.2009830653293169,483.27272727272725,0.0456243854473943,0.043821703968403236,0.040952020032222966,0.05095022163346411,4.676720843735671,3.753578486823805,18.542028985507244,1.0674466221829652e-08,0.0456243854473943,0.0,0.0,0,0.0,21.6337818458396,0.01714252545903659
69f0b7213f2d6f94427a1016,ddb6393e-097f-4f7b-b631-f7d2a31a38ca,2026-04-28 13:31:11.056,sensor estacionamiento coche,MX,MX,es,"['google_trends', 'youtube', 'aliexpress']",MX,MXN,ES,20.3425,92.6375,Electronic Components & Supplies,91,1.098901098901099,100,0,10.482848367219184,2026-01-28,0,2026-04-28,0,0.0700748526835483,941030.0,10957.0,203.0,7.0,4,2,1,18,0,0.0,0.09569934773659484,1395.0,0.018525278335462674,0.018277932084938626,0.006706117694553545,0.04685486704931475,4.340517746280895,4.994446080716993,6.376811594202895,2.801281798900533e-05,0.018525278335462674,0.0,0.0,0,0.0,17.198261632903527,0.011859333008158073
69f0fa4a1b7131b72112f4b4,de571162-9fd0-4cb9-850f-204809d07908,2026-04-28 18:14:55.574,soporte monitor portatil,MX,MX,es,"['google_trends', 'youtube', 'aliexpress']",MX,MXN,ES,50.965,94.86,Home & Garden,31,3.225806451612903,100,0,17.96053020267749,2026-03-29,0,2026-04-28,0,0.4032258064516129,5271.0,144.0,21.0,5.0,4,2,1,18,0,0.0,0.17013271343843403,27.5,0.14482758620689656,0.13253012048192772,0.06860190058001371,0.0192437217357837,1.8254594438564418,4.250201803687039,12.5,1.584312471462259e-08,0.14482758620689656,0.0,0.0,0,0.0,25.469532046965032,0.03129742033383915
69f1b2224c6a786f03e3e74b,5cfe2ffe-852a-4713-9704-6d265ac4d7a6,2026-04-29 07:23:27.935,luz trasera bicicleta,MX,MX,es,"['google_trends', 'youtube', 'aliexpress']",MX,MXN,ES,21.099,91.56,Sports & Entertainment,91,1.7142857142857142,100,0,11.957597040548196,2026-01-29,0,2026-04-29,0,0.0865742952699474,9065.0,222.0,31.0,16.0,4,2,2,18,0,0.0,0.13229966242361155,14.882352941176471,0.13901345291479822,0.12598425196850394,0.01145375003877611,0.045250916331055706,4.14317389927146,4.405430488623019,7.878260869565213,6.4103477293906966e-06,0.13901345291479822,0.0,0.0,0,0.0,19.269077165807886,0.027906463710566952
69f1b4044c6a786f03e3e7c5,6035e8b2-541b-4bfe-96c0-c549121cd146,2026-04-29 07:31:30.358,reloj minimalista acero,MX,MX,es,"['google_trends', 'youtube', 'aliexpress']",MX,MXN,ES,42.57,77.1,Watches,91,2.098901098901099,100,0,14.09495965470947,2026-01-29,0,2026-04-29,0,-0.0207676381589425,,,,,4,2,2,18,0,0.0,0.1390464861723737,0.0,0.0,1.0,-0.0028876671121002588,0.022951572182694516,1.769566215285747,4.548373505597737,-1.8898550724637675,7.562002198879502e-07,0.0,0.0,0.0,0,0.0,10.94267128266065,0.0
69f1b5dc4c6a786f03e3e82f,e31cc944-da4c-4375-bddb-d494e06dae62,2026-04-29 07:35:33.624,reloj casual hombre,MX,MX,es,"['google_trends', 'youtube', 'aliexpress']",MX,MXN,ES,35.440999999999995,95.77,Watches,91,2.076923076923077,100,0,13.169181843506848,2026-01-29,0,2026-04-29,0,-0.0062111801242236,897.0,7.0,1.0,2.0,4,2,2,18,0,0.0,0.14658031069555688,2.6666666666666665,0.125,0.2222222222222222,-0.0009104367123947629,0.027441617957794796,2.6280837518180076,4.2799840991397256,-0.5652173913043477,1.9085212250318144e-06,0.125,0.0,0.0,0,0.0,15.024145120867065,0.008908685968819599
69f1b6f54c6a786f03e3e89b,529c273c-4f3f-4d4b-baa0-01cb01633b5b,2026-04-29 07:43:34.413,reloj mujer elegante,MX,MX,es,"['google_trends', 'youtube', 'aliexpress']",MX,MXN,ES,31.322000000000003,91.48,Watches,91,7.912087912087912,100,0,24.386539252286223,2026-01-29,0,2026-04-29,0,0.4236661888835802,3455.0,85.0,4.0,21.0,4,2,2,18,0,0.0,0.3116646910183072,4.045454545454546,0.046511627906976744,0.05555555555555555,0.1320417918533048,0.03093867953715735,2.8302704040591546,2.736344108456284,38.5536231884058,2.5648417239290253e-11,0.046511627906976744,0.0,0.0,0,0.0,27.51034378429502,0.025752314814814815
69f1b8644c6a786f03e3e91a,4948eb30-6c2c-4008-9dac-8bac675ae6f8,2026-04-29 07:48:18.524,reloj cronografo,MX,MX,es,"['google_trends', 'youtube', 'aliexpress']",MX,MXN,ES,53.166,89.13,Watches,91,7.967032967032967,100,0,23.32402221337504,2026-01-29,0,2026-04-29,0,0.4217391304347826,19878.0,923.0,24.0,15.0,4,2,2,18,0,0.0,0.3275376455893934,59.1875,0.025974025974025976,0.026371308016877638,0.13813544183552678,0.01846176568326995,1.6454971753498504,2.601085810560207,38.37826086956522,7.421742067130079e-11,0.025974025974025976,0.0,0.0,0,0.0,32.38118863823588,0.04763821117762463
69f1ba504c6a786f03e3e993,4613eb16-6a65-4d1f-b9f2-ef6b5f95bf14,2026-04-29 07:58:27.584,reloj deportivo silicona,MX,MX,es,"['google_trends', 'youtube', 'aliexpress']",MX,MXN,ES,79.4,50.0,Watches,91,1.098901098901099,100,0,10.48284836721918,2026-01-29,0,2026-04-29,0,-0.0573339703774486,127.0,0.0,0.0,3.0,4,2,2,18,0,0.0,0.09569934773659487,0.0,0.0,1.0,-0.005486823568271083,0.01243781094527363,0.6218905472636815,4.994446080716991,-5.217391304347823,2.8012817989005427e-05,0.0,0.0,0.0,0,0.0,5.831549741340004,0.0
69f1bb454c6a786f03e3ea00,ac25dd6f-73b9-417f-adea-1eae0b0e1e14,2026-04-29 08:02:34.248,pulsera acero inoxidable,MX,MX,es,"['google_trends', 'youtube', 'aliexpress']",MX,MXN,ES,13.856,95.32,Jewelry & Accessories,91,2.8131868131868134,100,0,11.11846520974314,2026-01-29,0,2026-04-29,0,0.0644370122630992,102213.0,2928.0,147.0,43.0,4,2,2,18,0,0.0,0.23214051981805714,69.88636363636364,0.0501877773984295,0.04811443433029909,0.01495844152227837,0.06731287022078622,6.416262789445342,2.915793469990276,5.863768115942027,1.4835832184926568e-05,0.0501877773984295,0.0,0.0,0,0.0,20.36583842452241,0.03008394153442777
69f1bc654c6a786f03e3ea95,54064485-3b1f-486a-b23c-44a5c5f025f0,2026-04-29 08:06:47.607,pulsera cuero hombre,MX,MX,es,"['google_trends', 'youtube', 'aliexpress']",MX,MXN,ES,11.626,93.88,Watches,91,1.098901098901099,100,0,10.482848367219182,2026-01-29,0,2026-04-29,0,0.062111801242236,125.0,4.0,2.0,5.0,4,2,2,18,0,0.0,0.09569934773659486,1.0,0.4,0.42857142857142855,0.005944058865627008,0.0792016473942658,7.435450657373673,4.994446080716992,5.652173913043477,2.8012817989005377e-05,0.4,0.0,0.0,0,0.0,23.47187653808486,0.047619047619047616
69f1bd5f4c6a786f03e3eb04,342043b8-b3de-4ef3-96e1-5299ab5a02ec,2026-04-29 08:11:17.695,anillo acero inoxidable,MX,MX,es,"['google_trends', 'youtube', 'aliexpress']",MX,MXN,ES,8.228,95.59,Jewelry & Accessories,91,2.681318681318681,100,0,11.027117202483783,2026-01-29,0,2026-04-29,0,0.1039496735148909,81860.0,1886.0,91.0,43.0,4,2,2,18,0,0.0,0.22293943229928348,44.93181818181818,0.04822469528351881,0.046511627906976744,0.02317448120110564,0.10836584308625921,10.358690940615519,2.995425866943356,9.459420289855071,1.6254882992454864e-05,0.04822469528351881,0.0,0.0,0,0.0,18.940809865292437,0.02415069446989409
69f1c1eb4c6a786f03e3eb99,bc31ff47-a9c2-4b45-976f-581293fa708f,2026-04-29 08:29:32.112,aretes acero inoxidable,MX,MX,es,"['google_trends', 'youtube', 'aliexpress']",MX,MXN,ES,13.094,95.72,Jewelry & Accessories,91,10.978021978021978,100,0,26.569396773973715,2026-01-29,0,2026-04-29,98,0.602420767638159,83052.0,2237.0,129.0,45.0,4,2,2,18,98,1.065217391304348,0.3981959441486779,51.43478260869565,0.057640750670241284,0.05492184199408534,0.23988150634444805,0.07095217823187172,6.791542500354761,2.218178996726246,54.82028985507247,2.8910632526514728e-12,0.057640750670241284,0.0,0.0,0,0.0,31.69905094998797,0.02848783307044899
69f1c4724c6a786f03e3ec30,bb7adc75-9a31-42bf-823c-cfd33350ad87,2026-04-29 08:39:07.601,joyero portatil viaje,MX,MX,es,"['google_trends', 'youtube', 'aliexpress']",MX,MXN,ES,28.71,86.62,Jewelry & Accessories,91,1.098901098901099,100,0,10.482848367219182,2026-01-29,0,2026-04-29,0,0.041407867494824,,,,,4,2,2,18,0,0.0,0.09569934773659486,0.0,0.0,1.0,0.003962705910418005,0.03365870077415012,2.9155166610568832,4.994446080716992,3.768115942028984,2.8012817989005377e-05,0.0,0.0,0.0,0,0.0,10.61483071297149,0.0
69f1c9504c6a786f03e3ec9a,feb7973c-e596-47a3-8a38-6851505e3c4b,2026-04-29 09:01:53.260,rodillera deportiva,MX,MX,es,"['google_trends', 'youtube', 'aliexpress']",MX,MXN,ES,27.065,94.79,Sports & Entertainment,91,1.2307692307692308,100,0,10.506164246740443,2026-01-29,0,2026-04-29,0,0.0050007963051441,235181.0,1651.0,61.0,21.0,4,2,2,18,0,0.0,0.10696607525986715,77.81818181818181,0.036924939467312345,0.03619381202568593,0.0005349155539353094,0.035631569570639586,3.3775164796009265,4.7096598347457155,0.4550724637681131,2.7367229972429067e-05,0.036924939467312345,0.0,0.0,0,0.0,13.85612208813649,0.00727946866681974
69f1cc8e4c6a786f03e3ed19,621e1aea-495a-4b31-ba73-97b8a32afb55,2026-04-29 09:10:27.928,muñequera deportiva,MX,MX,es,"['google_trends', 'youtube', 'aliexpress']",MX,MXN,ES,13.386,94.4,Sports & Entertainment,91,1.934065934065934,100,0,13.096057250436694,2026-01-29,0,2026-04-29,0,0.1068960025481764,300661.0,4046.0,10.0,4.0,4,2,2,18,0,0.0,0.13720616337635952,811.2,0.002470966147763776,0.0027113630761646536,0.014666790389904835,0.06951202558042542,6.56193521479216,4.4634502239316065,9.727536231884052,2.05331037442356e-06,0.002470966147763776,0.0,0.0,0,0.0,17.445495358696377,0.013490231555700422
69f1ced14c6a786f03e3ed87,daa508a3-7d4c-444e-828f-eee269d8c0e9,2026-04-29 09:20:22.156,cinturon fitness,MX,MX,es,"['google_trends', 'youtube', 'aliexpress']",MX,MXN,ES,39.997,92.78,Sports & Entertainment,91,1.098901098901099,100,0,10.48284836721918,2026-01-29,0,2026-04-29,0,-0.0270743749004618,9597.0,160.0,4.0,10.0,4,2,2,18,0,0.0,0.09569934773659487,14.909090909090908,0.024844720496894408,0.030303030303030304,-0.00259100001835023,0.024392028685025734,2.2630924213966876,4.994446080716991,-2.463768115942024,2.8012817989005427e-05,0.024844720496894408,0.0,0.0,0,0.0,15.248921769308957,0.017086893102729737
69f1cfed4c6a786f03e3edfb,ea20c7bd-a6f3-46cb-b61c-be9d7aa5851e,2026-04-29 09:30:01.977,cuerda saltar profesional,MX,MX,es,"['google_trends', 'youtube', 'aliexpress']",MX,MXN,ES,39.23,94.66666666666669,Sports & Entertainment,91,1.098901098901099,100,0,10.482848367219184,2026-01-29,0,2026-04-29,0,0.0684822423952858,66567.0,2730.0,137.0,6.0,4,2,2,18,0,0.0,0.09569934773659484,409.57142857142856,0.05016477480776273,0.04811715481171548,0.006553705928768234,0.02485707183693761,2.353136133896761,4.994446080716993,6.231884057971008,2.801281798900533e-05,0.05016477480776273,0.0,0.0,0,0.0,22.908222439390656,0.0430687417377719
69f1d5f04c6a786f03e3eee3,ed927ead-42b2-48f2-8f8f-398e2b07e0ca,2026-04-29 09:55:43.314,pesas tobillo ajustables,MX,MX,es,"['google_trends', 'youtube', 'aliexpress']",MX,MXN,ES,75.99666666666667,57.04444444444445,Sports & Entertainment,91,1.098901098901099,100,0,10.48284836721918,2026-01-29,0,2026-04-29,0,-0.062111801242236,,,,,4,2,2,18,0,0.0,0.09569934773659487,0.0,0.0,1.0,-0.005944058865627009,0.01298757521970648,0.7408690130885898,4.994446080716991,-5.652173913043477,2.8012817989005427e-05,0.0,0.0,0.0,0,0.0,6.619831564418656,0.0
69f1dac34c6a786f03e3ef4c,b8979f26-1dce-46bf-abf1-e458c8dd12ac,2026-04-29 10:16:53.038,botella shaker gimnasio,MX,MX,es,"['google_trends', 'youtube', 'aliexpress']",MX,MXN,ES,90.884,66.85,Home & Garden,91,1.098901098901099,100,0,10.482848367219182,2026-01-29,0,2026-04-29,0,0.0159261028826246,3968.0,32.0,0.0,6.0,4,2,2,18,0,0.0,0.09569934773659486,4.571428571428571,0.0,0.030303030303030304,0.0015241176578530773,0.010883287623525315,0.7275477776326672,4.994446080716992,1.4492753623188386,2.8012817989005377e-05,0.0,0.0,0.0,0,0.0,10.316795822154061,0.008062484252960444
69f1dcdf4c6a786f03e3efbc,67201951-fb0f-4379-a015-9a0b5ccb811b,2026-04-29 10:25:22.234,pastillero semanal,MX,MX,es,"['google_trends', 'youtube', 'aliexpress']",MX,MXN,ES,33.251999999999995,95.41,Beauty & Health,91,1.098901098901099,100,0,10.482848367219184,2026-01-29,0,2026-04-29,0,0.0684822423952858,58151.0,187.0,2.0,6.0,4,2,2,18,0,0.0,0.09569934773659484,27.0,0.010638297872340425,0.015789473684210527,0.006553705928768234,0.029195375452528323,2.7855307719257274,4.994446080716993,6.231884057971008,2.801281798900533e-05,0.010638297872340425,0.0,0.0,0,0.0,12.779381067920692,0.0032501031778786626
69f1e2534c6a786f03e3f02c,04f24c90-868f-4df7-b969-59cfde1d9e54,2026-04-29 10:47:20.693,marcador paginas magnetico,MX,MX,es,"['google_trends', 'youtube', 'aliexpress']",MX,MXN,ES,24.337,85.5,Office & School Supplies,91,1.098901098901099,100,0,10.48284836721918,2026-01-29,0,2026-04-29,0,-0.0398152572065615,8794.0,1092.0,119.0,3.0,4,2,2,18,0,0.0,0.09569934773659487,302.75,0.10887465690759378,0.09900990099009901,-0.0038102941446326935,0.03946797174093224,3.374511583849706,4.994446080716991,-3.6231884057970962,2.8012817989005427e-05,0.10887465690759378,0.0,0.0,0,0.0,44.59439740331359,0.13769187038089825
69f1eaa04c6a786f03e3f099,fd3a14ab-5167-4d76-9326-6b6944a67603,2026-04-29 11:21:47.654,cojin lumbar silla,MX,MX,es,"['google_trends', 'youtube', 'aliexpress']",MX,MXN,ES,171.972,91.7,Home & Garden,91,1.164835164835165,100,0,10.494722204003027,2026-01-29,0,2026-04-29,0,0.0382863513298296,43.0,0.0,5.0,4.0,4,2,2,18,0,0.0,0.10133652159331977,1.0,5.0,1.0,0.003879805668264704,0.005781282519714173,0.5301436070577897,4.847815840427794,3.484057971014493,2.7682165303189397e-05,5.0,0.0,0.0,0,0.0,39.99904899043994,0.11363636363636363
69f1efb8522f6bea7501f36b,a04100b4-60c4-4d35-9d1f-dec33d39b327,2026-04-29 11:44:53.868,Pelador de papas,MX,MX,es,"['google_trends', 'youtube', 'aliexpress']",MX,MXN,ES,70.917,91.31,Home & Garden,31,8.96774193548387,100,0,27.99462313965278,2026-03-30,0,2026-04-29,0,0.6266129032258064,37.0,0.0,0.0,2.0,4,2,2,18,0,0.0,0.3092898256442474,0.0,0.0,1.0,0.19380499558514533,0.013904918169556572,1.2696580780622106,2.8085220625541627,19.425,6.951677999901703e-13,0.0,0.0,0.0,0,0.0,24.187245433849142,0.0
69f1f1d54c6a786f03e3f107,8b38466a-5f11-402a-b9e8-10f5a1bd4cc2,2026-04-29 11:52:42.632,regleta enchufes multiple,MX,MX,es,"['google_trends', 'youtube', 'aliexpress']",MX,MXN,ES,24.759,94.37,Computer & Office,91,1.098901098901099,100,0,10.482848367219182,2026-01-29,0,2026-04-29,0,-0.0095556617295747,1656593.0,25109.0,225.0,8.0,4,2,2,18,0,0.0,0.09569934773659486,2814.8888888888887,0.008960573476702509,0.008920465758831656,-0.0009144705947118406,0.038821382817655965,3.6635738965021933,4.994446080716992,-0.8695652173912977,2.8012817989005377e-05,0.008960573476702509,0.0,0.0,0,0.0,19.986308629810324,0.015292823709369949
69f1f2a4522f6bea7501f39b,7ed6bc55-b277-458b-9588-6153ba726d83,2026-04-29 11:58:08.678,aro de luz,MX,MX,es,"['google_trends', 'youtube', 'aliexpress']",MX,MXN,ES,23.551,91.89,Consumer Electronics,31,28.806451612903224,100,0,28.77547492204511,2026-03-30,0,2026-04-29,39,0.8979838709677419,122742.0,10951.0,420.0,43.0,4,2,2,18,39,1.21875,0.967455655646841,258.4318181818182,0.038349159970781595,0.03702075272599367,0.868759574647385,0.040731538430206514,3.7428210663516763,0.9654109551768382,27.8375,3.1839777722403746e-13,0.038349159970781595,0.0,0.0,0,0.0,54.3358091632305,0.09264072085577181
69f1f2c74c6a786f03e3f179,178f7d29-8ae2-4d4a-81fe-4ec8dce8593b,2026-04-29 11:59:26.037,temporizador enchufe digital,MX,MX,es,"['google_trends', 'youtube', 'aliexpress']",MX,MXN,ES,52.126666666666665,75.13333333333334,Tools,91,1.098901098901099,100,0,10.482848367219182,2026-01-29,0,2026-04-29,0,0.0557413600891861,1316.0,26.0,0.0,2.0,4,2,2,18,0,0.0,0.09569934773659486,8.666666666666666,0.0,0.037037037037037035,0.00533441180248577,0.018822938888191743,1.4142301417994732,4.994446080716992,5.072463768115935,2.8012817989005377e-05,0.0,0.0,0.0,0,0.0,14.357187066161558,0.019741837509491267
69f1f4334c6a786f03e3f1e4,6e836f74-01cb-4ec3-9f07-52cbdd00c860,2026-04-29 12:03:27.185,medidor consumo energia,MX,MX,es,"['google_trends', 'youtube', 'aliexpress']",MX,MXN,ES,99.216,67.85,Tools,91,1.098901098901099,100,0,10.482848367219182,2026-01-29,0,2026-04-29,0,0.0509635292243988,70905.0,1438.0,83.0,44.0,4,2,2,18,0,0.0,0.09569934773659486,33.8,0.057678943710910355,0.05519053876478318,0.004877176505129855,0.00997844655544025,0.6770375987866208,4.994446080716992,4.637681159420291,2.8012817989005377e-05,0.057678943710910355,0.0,0.0,0,0.0,14.301667792347649,0.021450935040758186
69f1f6cd522f6bea7501f459,4ac92e60-657c-44c5-b215-82011997bd43,2026-04-29 12:13:23.444,humidificador de aire,MX,MX,es,"['google_trends', 'youtube', 'aliexpress']",MX,MXN,ES,550.788,34.15,Home Appliances,31,30.32258064516129,100,0,33.64063722818401,2026-03-30,0,2026-04-29,100,3.227822580645161,14439.0,70.0,8.0,10.0,4,2,2,18,100,3.125,0.8753470799460494,7.090909090909091,0.11267605633802817,0.11392405063291139,2.8254650705516635,0.0018122902274061777,0.061889711265920966,1.0740059259255452,100.06249999999999,2.455030455642773e-15,0.11267605633802817,0.0,0.0,0,0.0,42.83665274973068,0.005401662049861496
69f1f7d44c6a786f03e3f27a,81eb11bb-f588-446d-b952-7ab4a207bade,2026-04-29 12:20:17.491,camara seguridad interior,MX,MX,es,"['google_trends', 'youtube', 'aliexpress']",MX,MXN,ES,95.136,73.9,Security & Protection,91,3.956043956043956,100,0,18.645173392663605,2026-01-29,0,2026-04-29,0,0.2315018315018314,23842.0,572.0,68.0,15.0,4,2,2,18,0,0.0,0.2013748556437441,40.0,0.11867364746945899,0.10764430577223089,0.04661864789994367,0.010401930598319049,0.7687026712157777,3.762108156834563,21.066666666666656,7.989214497806092e-09,0.11867364746945899,0.0,0.0,0,0.0,21.48798074495625,0.02684225978274546
69f1f8d24c6a786f03e3f2f3,6275c4fa-b0ec-49ba-b8cf-1a8ac074b748,2026-04-29 12:25:00.590,timbre inalambrico casa,MX,MX,es,"['google_trends', 'youtube', 'aliexpress']",MX,MXN,ES,40.043,91.17,Home Improvement,91,1.098901098901099,100,0,10.482848367219184,2026-01-29,0,2026-04-29,0,0.0652970218187609,2276.0,24.0,5.0,4.0,4,2,2,18,0,0.0,0.09569934773659484,5.8,0.2,0.2,0.00624888239719762,0.024364690690251687,2.2213288502302464,4.994446080716993,5.942028985507243,2.801281798900533e-05,0.2,0.0,0.0,0,0.0,14.521493152832198,0.012736056214317084
69f1fa804c6a786f03e3f361,c2012fc1-41c6-45e9-ae21-04a68d696786,2026-04-29 12:29:14.360,cerradura digital hogar,MX,MX,es,"['google_trends', 'youtube', 'aliexpress']",MX,MXN,ES,39.014,83.52000000000001,Home Improvement,91,1.098901098901099,100,0,10.482848367219184,2026-01-29,0,2026-04-29,0,0.0700748526835483,21594.0,277.0,83.0,29.0,4,2,2,18,0,0.0,0.09569934773659484,12.0,0.29856115107913667,0.23268698060941828,0.006706117694553545,0.0249912530614285,2.0872694556905085,4.994446080716993,6.376811594202895,2.801281798900533e-05,0.29856115107913667,0.0,0.0,0,0.0,14.757641170573633,0.016670525584626072
69f1fc184c6a786f03e3f3e8,e528b370-a7d3-4863-8ef0-a4d79b1b436c,2026-04-29 12:36:28.470,caja fuerte pequeña,MX,MX,es,"['google_trends', 'youtube', 'aliexpress']",MX,MXN,ES,40.231,93.44,Home & Garden,91,2.571428571428572,100,0,14.61744988942466,2026-01-29,0,2026-04-29,0,-0.0476986781334607,177696.0,3808.0,157.0,14.0,4,2,2,18,0,0.0,0.1646509890945648,264.3333333333333,0.04121816749803098,0.03983862834089763,-0.007853634533177594,0.024253595595547038,2.266255972447915,4.092885969038904,-4.340579710144924,4.48458410739669e-07,0.04121816749803098,0.0,0.0,0,0.0,19.287190158751503,0.022313263589143317
69f1fc1d522f6bea7501f491,af7be995-54ad-4aee-8b27-89cc421faf5f,2026-04-29 12:35:14.898,organizador de cables,MX,MX,es,"['google_trends', 'youtube', 'aliexpress']",MX,MXN,ES,21.539,96.8,Consumer Electronics,31,29.677419354838708,100,0,36.18691024553325,2026-03-30,0,2026-04-29,0,2.71733870967742,1018.0,15.0,2.0,6.0,4,2,2,18,0,0.0,0.7980609079616516,2.4285714285714284,0.125,0.16666666666666666,2.168601797884505,0.04436754070721859,4.29477794045876,1.1795943402855213,84.23750000000003,1.9240863705447885e-16,0.125,0.0,0.0,0,0.0,49.52962930071157,0.016683022571148183
69f1fd1d522f6bea7501f4c5,e892dd66-155c-4a42-8c16-2e4a65d6c275,2026-04-29 12:43:03.539,organizador de cajones,MX,MX,es,"['google_trends', 'youtube', 'aliexpress']",MX,MXN,ES,24.416,90.78,Home & Garden,31,29.580645161290324,100,0,34.380007944102616,2026-03-30,0,2026-04-29,100,2.894354838709677,22746.0,621.0,18.0,32.0,4,2,2,18,100,3.125,0.8360836212367507,19.363636363636363,0.028938906752411574,0.0296875,2.4199226746924984,0.039345294302801384,3.5717658168083095,1.1242407661046214,89.725,1.172066524201535e-15,0.028938906752411574,0.0,0.0,0,0.0,52.04886561191957,0.028091616476898052
69f1ffb7522f6bea7501f558,409c92bb-64c2-42f9-979b-96e05045efdd,2026-04-29 12:53:08.565,protector de pantalla,MX,MX,es,"['google_trends', 'youtube', 'aliexpress']",MX,MXN,ES,8.600999999999999,93.09,Phones & Telecommunications Accessories,31,62.70967741935484,100,0,20.36368262108976,2026-03-30,100,2026-04-29,65,-0.2100806451612903,3295.0,47.0,33.0,9.0,4,2,2,18,-35,-1.09375,2.9353402468846457,8.0,0.6875,0.41975308641975306,-0.6166581728334275,0.10415581710238518,9.695865014061036,0.319632486710776,-6.512499999999999,1.4327321500619855e-09,0.6875,0.0,0.0,0,0.0,32.40108764716047,0.024271844660194174
69f201994c6a786f03e3f460,b64dbbdc-c86d-41a1-be45-22a0a81f772b,2026-04-29 13:01:16.061,alfombra entrada antideslizante,MX,MX,es,"['google_trends', 'youtube', 'aliexpress']",MX,MXN,ES,56.30800000000001,63.74,Home & Garden,91,1.098901098901099,100,0,10.482848367219182,2026-01-29,0,2026-04-29,0,0.0127408823060996,628.0,5.0,6.0,5.0,4,2,2,18,0,0.0,0.09569934773659486,1.8333333333333333,1.0,0.5833333333333334,0.0012192941262824542,0.01744957074055978,1.1122356390032804,4.994446080716992,1.1594202898550636,2.8012817989005377e-05,1.0,0.0,0.0,0,0.0,12.203674766059228,0.017488076311605722
69f201c5522f6bea7501f58f,76e9f6bf-6bef-4c21-9060-5540f74c4294,2026-04-29 12:58:26.154,cerradura inteligente,MX,MX,es,"['google_trends', 'youtube', 'aliexpress']",MX,MXN,ES,40.776,91.52,Security & Protection,31,25.64516129032258,100,0,26.696502126804024,2026-03-30,0,2026-04-29,29,1.4076612903225807,3321.0,34.0,4.0,20.0,4,2,2,18,29,0.90625,0.9259350214301536,1.8095238095238095,0.11428571428571428,0.1282051282051282,1.3034028870212364,0.02393718881654538,2.1907315204902336,1.0019268352674633,43.6375,2.5459885149926867e-12,0.11428571428571428,0.0,0.0,0,0.0,34.55782176014611,0.011438892233594221
69f202e6522f6bea7501f5d1,95aadcdd-1f8b-478e-8c40-0f9c029a26cc,2026-04-29 13:07:13.117,candado inteligente,MX,MX,es,"['google_trends', 'youtube', 'aliexpress']",MX,MXN,ES,71.935,94.97,Home Improvement,31,3.225806451612903,100,0,17.96053020267749,2026-03-30,0,2026-04-29,0,-0.5645161290322583,52574.0,443.0,25.0,6.0,4,2,2,18,0,0.0,0.17013271343843403,66.85714285714286,0.05630630630630631,0.05543710021321962,-0.09604266081201926,0.013710838417769246,1.3021183245355452,4.250201803687039,-17.500000000000007,1.584312471462259e-08,0.05630630630630631,0.0,0.0,0,0.0,14.066644592964128,0.008901569186875891
69f204cb522f6bea7501f605,19277eba-8a7f-4528-bfbc-ba437de8ac63,2026-04-29 13:12:22.059,rizador de cabello,MX,MX,es,"['google_trends', 'youtube', 'aliexpress']",MX,MXN,ES,23.305,92.75,Beauty & Health,31,5.935483870967742,100,0,17.871645109634738,2026-03-30,0,2026-04-29,0,0.0677419354838709,528982.0,17297.0,290.0,43.0,4,2,2,18,0,0.0,0.31451862497866906,399.70454545454544,0.01676494392415308,0.01654537184443939,0.021306100401780787,0.04114379757251595,3.816087224850854,2.576841853017102,2.099999999999998,1.7315823338427436e-08,0.01676494392415308,0.0,0.0,0,0.0,26.166416238615195,0.0332468151150415
69f208a2522f6bea7501f65e,5bc8ff63-7733-43ad-8901-1935beaf283f,2026-04-29 13:27:37.035,depilador facial,MX,MX,es,"['google_trends', 'youtube', 'aliexpress']",MX,MXN,ES,64.014,77.27000000000001,Beauty & Health,31,3.225806451612903,100,0,17.96053020267749,2026-03-30,0,2026-04-29,0,0.3629032258064517,125639.0,3246.0,141.0,10.0,4,2,2,18,0,0.0,0.17013271343843403,307.90909090909093,0.043424699722821064,0.04191263282172373,0.06174171052201236,0.015381302488694744,1.188513243301443,4.250201803687039,11.250000000000002,1.584312471462259e-08,0.043424699722821064,0.0,0.0,0,0.0,22.60342791126216,0.02695797516714422
69f21156522f6bea7501f696,6be0e192-eac0-44d5-a2cc-66da6dadf200,2026-04-29 14:06:31.603,espejo de maquillaje,MX,MX,es,"['google_trends', 'youtube', 'aliexpress']",MX,MXN,ES,22.926,91.94,Beauty & Health,31,34.70967741935484,100,0,40.25352452343943,2026-03-30,0,2026-04-29,0,3.368951612903226,102920.0,1929.0,177.0,41.0,4,2,2,18,0,0.0,0.8413748357339381,50.142857142857146,0.09170984455958549,0.08448030374940674,2.8345511099020375,0.04179553623672992,3.8426816016049488,1.1272441375127573,104.4375,3.2969808324971564e-18,0.09170984455958549,0.0,0.0,0,0.0,57.19031748169005,0.02046229632436529
69f21859522f6bea7501f6ed,a6e377a8-c218-4461-b583-c2b1ae6b3b11,2026-04-29 14:38:16.850,cojin lumbar,MX,MX,es,"['google_trends', 'youtube', 'aliexpress']",MX,MXN,ES,76.909,91.7,Beauty & Health,31,29.193548387096776,100,0,38.49798207251796,2026-03-30,0,2026-04-29,0,2.580645161290322,493.0,51.0,15.0,6.0,4,2,2,18,0,0.0,0.7391149333527387,9.428571428571429,0.28846153846153844,0.23880597014925373,1.907393376394164,0.012835487555994814,1.1770142088847244,1.275040004538522,79.99999999999999,1.9078262565678783e-17,0.28846153846153844,0.0,0.0,0,0.0,78.41819239904926,0.13360323886639677
69f218604c6a786f03e3f4cf,8e569ad4-d424-459a-a222-e9548e709405,2026-04-29 14:32:52.837,faja lumbar soporte,MX,MX,es,"['google_trends', 'youtube', 'aliexpress']",MX,MXN,ES,58.991,88.71000000000001,Underwear,91,7.604395604395604,100,0,25.015497028344083,2026-01-29,0,2026-04-29,0,0.3972288580984233,8565.0,124.0,6.0,10.0,4,2,2,18,0,0.0,0.29230253014618773,11.818181818181818,0.048,0.05343511450381679,0.1161110002692501,0.016669167041722926,1.4787218082712408,2.907292758083412,36.14782608695652,1.3674381073611688e-11,0.048,0.0,0.0,0,0.0,24.674953632362858,0.015176278309596078
69f21943522f6bea7501f721,4a30cf04-5a31-472f-b6f6-681ddd60ff09,2026-04-29 14:43:32.663,soporte para laptop,MX,MX,es,"['google_trends', 'youtube', 'aliexpress']",MX,MXN,ES,117.328,69.3,Computer & Office,31,37.38709677419355,100,0,40.51968856358995,2026-03-30,0,2026-04-29,69,3.6548387096774193,6759.0,76.0,20.0,10.0,4,2,2,18,69,2.15625,0.9004666958648526,8.727272727272727,0.2597402597402597,0.21649484536082475,3.291060536822187,0.008451085119329321,0.585660198769522,1.0555549121607466,113.3,2.5265206278274745e-18,0.2597402597402597,0.0,0.0,0,0.0,55.18153935250175,0.014201183431952662
69f21b29522f6bea7501f759,93a8b006-b2b4-4f5e-aea1-ec84b8a48632,2026-04-29 14:47:28.252,soporte para monitor,MX,MX,es,"['google_trends', 'youtube', 'aliexpress']",MX,MXN,ES,46.887,95.46,"Automobiles, Parts & Accessories",31,14.03225806451613,100,0,19.66635684100768,2026-03-30,0,2026-04-29,19,0.9822580645161292,100318.0,8039.0,331.0,12.0,4,2,2,18,19,0.59375,0.6789904080564557,643.8461538461538,0.04116915422885572,0.03966073348464939,0.6669438040425509,0.02088249420510786,1.993442896819596,1.3082769572344164,30.450000000000003,2.877462979257849e-09,0.04116915422885572,0.0,0.0,0,0.0,45.841362886933986,0.0834338460311606
69f21cc1522f6bea7501f793,5a83232e-730d-4102-b5f3-c3db59dd9b85,2026-04-29 14:55:33.565,auriculares bluetooth,MX,MX,es,"['google_trends', 'youtube', 'aliexpress']",MX,MXN,ES,120.93300000000002,92.8,Consumer Electronics,31,25.35483870967742,100,0,27.596555808164144,2026-03-30,0,2026-04-29,41,1.5637096774193548,7756.0,168.0,8.0,13.0,4,2,2,18,41,1.28125,0.886639596732092,12.571428571428571,0.047337278106508875,0.05084745762711865,1.3864469177931664,0.008201225263054298,0.761073704411439,1.047115336662287,48.475,1.0350661189955722e-12,0.047337278106508875,0.0,0.0,0,0.0,39.04282781789554,0.022689183962872245
69f21eac522f6bea7501f7ce,186cc4b7-e33a-4edc-bc52-af2cedd3e90b,2026-04-29 15:02:21.305,altavoz bluetooth,MX,MX,es,"['google_trends', 'youtube', 'aliexpress']",MX,MXN,ES,141.186,92.36,Consumer Electronics,31,17.29032258064516,100,0,23.668817106602656,2026-03-30,0,2026-04-29,27,0.9286290322580644,6681.0,216.0,16.0,6.0,4,2,2,18,27,0.84375,0.7008979192608863,33.142857142857146,0.07373271889400922,0.07296137339055794,0.6508741564749277,0.007033041227687676,0.6495716877892338,1.2940623109430025,28.787499999999994,5.257306988820913e-11,0.07373271889400922,0.0,0.0,0,0.0,34.80168758924838,0.034720143669560014
69f221ea522f6bea7501f802,8e1d754a-dac5-4ea0-a274-a44f11cac242,2026-04-29 15:17:59.592,reloj digital,MX,MX,es,"['google_trends', 'youtube', 'aliexpress']",MX,MXN,ES,22.136000000000003,88.63000000000001,Tools,31,71.3225806451613,100,0,25.781630536455204,2026-03-30,93,2026-04-29,83,0.9576612903225808,6397.0,92.0,4.0,8.0,4,2,2,18,-10,-0.3125,2.6631156959646973,10.666666666666666,0.043010752688172046,0.05154639175257732,2.55036281367587,0.04322268326417703,3.830826417704011,0.35648106450941625,29.687500000000007,6.3559448987964915e-12,0.043010752688172046,0.0,0.0,0,0.0,40.89290479163523,0.015004688965301657
69f224fd522f6bea7501f838,bb6e269b-1d73-4799-8a70-ba2e445f55a5,2026-04-29 15:31:45.783,bascula digital,MX,MX,es,"['google_trends', 'youtube', 'aliexpress']",MX,MXN,ES,49.826,93.86,Home & Garden,31,67.45161290322581,100,0,31.440778944631152,2026-03-30,100,2026-04-29,53,0.6879032258064518,13856.0,97.0,10.0,25.0,4,2,2,18,-47,-1.46875,2.0792229748351603,4.115384615384615,0.10204081632653061,0.10185185185185185,1.4303041915599937,0.01967496950379727,1.8466926376264117,0.4593139242618123,21.325000000000006,2.215354325978417e-14,0.10204081632653061,0.0,0.0,0,0.0,39.84611584460335,0.007721729089990618
69f2265c522f6bea7501f87f,3da517c4-3cbc-4021-aa49-2bf0264921e7,2026-04-29 15:37:29.486,linterna recargable,MX,MX,es,"['google_trends', 'youtube', 'aliexpress']",MX,MXN,ES,34.526,93.3,Consumer Electronics,31,34.03225806451613,100,0,37.68950682525818,2026-03-30,0,2026-04-29,60,3.359677419354839,4059.0,112.0,20.0,13.0,4,2,2,18,60,1.875,0.8796250161115624,9.428571428571429,0.17699115044247787,0.15789473684210525,2.9552563041296525,0.028148398356133534,2.6262455666272584,1.07585148396225,104.15,4.2820837801754434e-17,0.17699115044247787,0.0,0.0,0,0.0,58.63439825779479,0.03251231527093596
69f228a0522f6bea7501f8ba,2c98a195-a4a0-48b8-b1fe-88b6af001029,2026-04-29 15:43:20.382,sensor de movimiento,MX,MX,es,"['google_trends', 'youtube', 'aliexpress']",MX,MXN,ES,46.369,94.79,Lights & Lighting,31,59.064516129032256,100,0,30.831732013053223,2026-03-30,0,2026-04-29,58,1.4383064516129032,81763.0,1513.0,24.0,22.0,4,2,2,18,58,1.8125,1.8555231648975838,66.82608695652173,0.015852047556142668,0.016254876462938883,2.6688109391893877,0.02111085308957335,2.001097764360658,0.5133102537081901,44.5875,4.0733236542416e-14,0.015852047556142668,0.0,0.0,0,0.0,45.65930181779577,0.018798004011545424
69f229df522f6bea7501f8fe,4f68c22e-4cf3-427a-9f70-4783ec014037,2026-04-29 15:53:00.510,cargador inalambrico,MX,MX,es,"['google_trends', 'youtube', 'aliexpress']",MX,MXN,ES,78.75444444444445,92.27777777777776,Phones & Telecommunications Accessories,31,53.0,100,0,23.899790794063456,2026-03-30,69,2026-04-29,46,0.0584677419354838,270551.0,6971.0,167.0,6.0,4,2,2,18,-23,-0.71875,2.128531939819997,1019.7142857142857,0.023952954675846242,0.023532707662137553,0.12445045615883032,0.012538486186767717,1.1570236420122875,0.44258871840858255,1.8124999999999978,4.173041843972575e-11,0.023952954675846242,0.0,0.0,0,0.0,35.31418484888116,0.02638309825837547
69f22ffccf0416c699ae8621,f749d5ac-276e-44b9-b959-078711ffbfde,2026-04-29 16:18:35.157,corrector juanetes,MX,MX,es,"['google_trends', 'youtube', 'aliexpress']",MX,MXN,ES,12.074444444444444,91.45555555555556,Beauty & Health,91,1.5054945054945057,100,0,10.524441000065432,2026-01-29,0,2026-04-29,0,-0.0477305303392259,1519.0,7.0,1.0,1.0,4,2,2,18,0,0.0,0.13063492671670218,4.0,0.125,0.2222222222222222,-0.006235274333014105,0.07648508540834538,6.994985977734343,4.200544434236642,-4.343478260869556,2.687158901172652e-05,0.125,0.0,0.0,0,0.0,12.010707014511864,0.005263157894736842
69f23121cf0416c699ae868b,0bd5dedc-947d-4d3b-899f-7c81f1b72c40,2026-04-29 16:23:31.232,separador dedos pie,MX,MX,es,"['google_trends', 'youtube', 'aliexpress']",MX,MXN,ES,8.839,94.11,Beauty & Health,91,2.3846153846153846,100,0,13.96087328593677,2026-01-29,0,2026-04-29,0,0.0741519350215002,91800.0,749.0,26.0,5.0,4,2,2,18,0,0.0,0.15939011975035738,129.16666666666666,0.034666666666666665,0.03479381443298969,0.011819085802797637,0.10163634515702814,9.564996442727919,4.124803470844955,6.747826086956519,8.647085822274929e-07,0.034666666666666665,0.0,0.0,0,0.0,15.81427756852724,0.008442173832529057
69f232ba522f6bea7501f931,0fcdc2ea-0ace-4e86-8e95-727d4405083a,2026-04-29 16:31:32.672,lapiz digital,MX,MX,es,"['google_trends', 'youtube', 'aliexpress']",MX,MXN,ES,57.089,94.37,Tools,31,27.12903225806452,100,0,36.1669664523525,2026-03-30,0,2026-04-29,0,2.588709677419355,8383.0,634.0,84.0,6.0,4,2,2,18,0,0.0,0.7299232315029944,102.57142857142857,0.13228346456692913,0.11821974965229486,1.8895593331650098,0.01721496324605347,1.624576081530066,1.2857522477327148,80.25,1.9628451651730227e-16,0.13228346456692913,0.0,0.0,0,0.0,65.39282516801262,0.08563931297709923
69f23518cf0416c699ae86fa,f1b02233-c125-4264-abab-4d50af2eebcc,2026-04-29 16:42:20.221,oximetro pulso digital,MX,MX,es,"['google_trends', 'youtube', 'aliexpress']",MX,MXN,ES,130.03,0.0,Beauty & Health,91,1.098901098901099,100,0,10.48284836721918,2026-01-29,100,2026-04-29,0,-0.0716674629718107,5.0,0.0,0.0,2.0,4,2,2,18,-100,-1.0869565217391304,0.09569934773659487,0.0,0.0,1.0,-0.006858529460338849,0.007631840036632832,0.0,4.994446080716991,-6.521739130434774,2.8012817989005427e-05,0.0,0.0,0.0,0,0.0,0.0,0.0
69f2367d522f6bea7501f965,310bd1d1-d694-47f3-9348-e42390aeb42e,2026-04-29 16:43:29.513,soporte para bicicleta,MX,MX,es,"['google_trends', 'youtube', 'aliexpress']",MX,MXN,ES,50.454,95.03,Sports & Entertainment,31,34.774193548387096,100,0,37.90488946245973,2026-03-30,0,2026-04-29,59,3.4935483870967743,8852.0,190.0,48.0,10.0,4,2,2,18,59,1.84375,0.8938257897363148,21.636363636363637,0.2513089005235602,0.20502092050209206,3.122623646078803,0.019434834998250865,1.8468923698837796,1.0595595792031123,108.3,3.452356766126796e-17,0.2513089005235602,0.0,0.0,0,0.0,58.57530738700621,0.026883542302044504
69f23b26522f6bea7501f99d,ac1c49ac-2035-4389-8fb1-0d9065510740,2026-04-29 17:06:47.948,bolsa termica,MX,MX,es,"['google_trends', 'youtube', 'aliexpress']",MX,MXN,ES,39.835,93.66,Consumer Electronics,31,39.935483870967744,100,0,42.48916370391473,2026-03-30,0,2026-04-29,100,4.003629032258065,33591.0,786.0,11.0,5.0,4,2,2,18,100,3.125,0.9182858549053429,132.83333333333334,0.01397712833545108,0.015037593984962405,3.6764759086109478,0.024488796375658137,2.2936206685441407,1.037954353681132,124.11250000000001,3.5252560184421553e-19,0.01397712833545108,0.0,0.0,0,0.0,63.847110729186376,0.023725887115979994
69f23e46522f6bea7501f9d0,ccd91b57-5bbc-4850-a2b7-90a7d60dd042,2026-04-29 17:19:23.592,mini ventilador,MX,MX,es,"['google_trends', 'youtube', 'aliexpress']",MX,MXN,ES,59.15,91.6,Home Appliances,31,27.774193548387096,100,0,31.27587960651611,2026-03-30,0,2026-04-29,82,2.423387096774193,1181.0,5.0,0.0,1.0,4,2,2,18,82,2.5625,0.8605247598822936,2.5,0.0,0.16666666666666666,2.085384599553461,0.01662510390689942,1.5228595178719866,1.0869420042623312,75.12499999999999,2.6125106540830546e-14,0.0,0.0,0.0,0,0.0,41.52639259894866,0.004230118443316413
69f240ed522f6bea7501f9ff,53af0240-4b36-45b5-a8d7-a658537187fe,2026-04-29 17:32:45.602,cargador solar,MX,MX,es,"['google_trends', 'youtube', 'aliexpress']",MX,MXN,ES,51.052,92.24,Lights & Lighting,31,11.419354838709678,100,0,18.60067058566865,2026-03-30,0,2026-04-29,23,0.6625000000000001,6909.0,318.0,18.0,5.0,4,2,2,18,23,0.71875,0.5826002120080078,56.0,0.05642633228840126,0.05637982195845697,0.3859726404553052,0.019211557673096135,1.7720740797663874,1.497716332872021,20.5375,8.352786963661559e-09,0.05642633228840126,0.0,0.0,0,0.0,33.00883211505512,0.04862518089725036
69f240fbcf0416c699ae875d,e8fe45e0-a215-400e-8582-7207428a70bf,2026-04-29 17:31:37.403,vinilos decorativos pared,MX,MX,es,"['google_trends', 'youtube', 'aliexpress']",MX,MXN,ES,19.909,30.0,Home & Garden,91,2.10989010989011,100,0,14.16525526259434,2026-01-29,0,2026-04-29,0,-0.0686733556298773,23412.0,506.0,36.0,14.0,4,2,2,18,0,0.0,0.139126580684351,36.13333333333333,0.07100591715976332,0.06813996316758748,-0.009554289152905253,0.04782629489693434,1.43478884690803,4.554905402459664,-6.2492753623188335,7.048680162915001e-07,0.07100591715976332,0.0,0.0,0,0.0,10.997205130474436,0.023149532311109212
69f24228cf0416c699ae87d5,d77c38b5-3f84-4926-bc8b-cf827883eaec,2026-04-29 17:36:03.656,reloj pared moderno,MX,MX,es,"['google_trends', 'youtube', 'aliexpress']",MX,MXN,ES,127.387,91.45,Lights & Lighting,91,1.098901098901099,100,0,10.482848367219184,2026-01-29,0,2026-04-29,0,0.0652970218187609,214.0,0.0,4.0,4.0,4,2,2,18,0,0.0,0.09569934773659484,0.8,4.0,1.0,0.00624888239719762,0.007788950594686378,0.7122995318840692,4.994446080716993,5.942028985507243,2.801281798900533e-05,4.0,0.0,0.0,0,0.0,16.228329544967252,0.018604651162790697
69f2428e522f6bea7501fa32,85055f56-ed10-4a46-ac93-d0ec974cbf1a,2026-04-29 17:36:39.670,reloj inteligente,MX,MX,es,"['google_trends', 'youtube', 'aliexpress']",MX,MXN,ES,19.677,90.85,Tools,31,77.93548387096774,100,55,12.099409032044964,2026-03-30,100,2026-04-29,67,-0.1701612903225806,104548.0,122.0,0.0,6.0,4,2,2,18,-33,-1.03125,5.949541974016911,17.428571428571427,0.0,0.008130081300813009,-1.0123817391270709,0.048362915316535283,4.39377085650723,0.1532822558207576,-5.274999999999999,5.562799706823713e-06,0.0,0.0,0.0,0,0.0,26.179913393491052,0.0011669169480339363
69f2457c522f6bea7501fa66,a2f77afb-dbd1-4c2b-af6f-d19863d33002,2026-04-29 17:47:55.253,termo acero inoxidable,MX,MX,es,"['google_trends', 'youtube', 'aliexpress']",MX,MXN,ES,76.81666666666666,0.0,Home & Garden,31,36.0,100,0,39.10924869303083,2026-03-30,0,2026-04-29,93,3.853629032258064,149314.0,701.0,77.0,41.0,4,2,2,18,93,2.90625,0.8975485997137406,18.523809523809526,0.10968660968660969,0.10012836970474968,3.4588193417194426,0.01285071749839366,0.0,1.0570067214332657,119.46249999999998,1.0353068827780505e-17,0.10968660968660969,0.0,0.0,0,0.0,45.43475322640483,0.005210461105716104
69f246fe522f6bea7501fab6,ec355ac0-2a21-4732-b8b2-fa8569042b03,2026-04-29 17:56:10.026,botella deportiva,MX,MX,es,"['google_trends', 'youtube', 'aliexpress']",MX,MXN,ES,39.577777777777776,94.5888888888889,Sports & Entertainment,31,10.193548387096774,100,0,27.342786196531755,2026-03-30,0,2026-04-29,0,1.107258064516129,30273.0,321.0,2.0,4.0,4,2,2,18,0,0.0,0.3596523050491111,64.6,0.006211180124223602,0.009259259259259259,0.39822791518744316,0.024644030668127054,2.3310514786418404,2.442727297096497,34.324999999999996,1.3340706663907345e-12,0.006211180124223602,0.0,0.0,0,0.0,30.174977291297672,0.010669221113827046
69f24886522f6bea7501fae7,be80034e-2701-4f0d-b920-0dd575c37a33,2026-04-29 18:02:32.240,licuadora portatil,MX,MX,es,"['google_trends', 'youtube', 'aliexpress']",MX,MXN,ES,29.006,91.38,Home & Garden,31,38.903225806451616,100,0,41.439397388402966,2026-03-30,0,2026-04-29,85,3.941532258064516,2343.0,17.0,50.0,38.0,4,2,2,18,85,2.65625,0.9166771490747498,1.7179487179487178,2.7777777777777777,0.75,3.6131125533087416,0.033326667999733384,3.0453909218156365,1.0384974284886757,122.1875,1.0071597951328564e-18,2.7777777777777777,0.0,0.0,0,0.0,63.64937621788043,0.02858361774744027
69f2498f522f6bea7501fb3b,39a12dca-32bf-499e-92bc-8cef51279fac,2026-04-29 18:09:07.287,batidora de mano,MX,MX,es,"['google_trends', 'youtube', 'aliexpress']",MX,MXN,ES,15.535999999999998,88.91,Home & Garden,31,34.483870967741936,100,0,37.021499130227866,2026-03-30,0,2026-04-29,54,3.452822580645162,1841.0,11.0,34.0,33.0,4,2,2,18,54,1.6875,0.9069571625682312,1.3235294117647058,2.8333333333333335,0.7608695652173914,3.1315621705934538,0.060474117077890674,5.3767537493952595,1.0433331573064217,107.03750000000002,8.351552507908326e-17,2.8333333333333335,0.0,0.0,0,0.0,56.423418956659205,0.024429967426710098
69f24a84522f6bea7501fb8a,d4e74b12-cc69-4af6-8a87-0c1388fae77a,2026-04-29 18:13:32.505,sarten antiadherente,MX,MX,es,"['google_trends', 'youtube', 'aliexpress']",MX,MXN,ES,38.376,90.1,Home & Garden,31,34.54838709677419,100,0,37.30490469065019,2026-03-30,0,2026-04-29,55,3.349999999999999,890611.0,11769.0,99.0,26.0,4,2,2,18,55,1.71875,0.9019311593590018,439.55555555555554,0.008411214953271028,0.008425309630128908,3.021469383852655,0.025396180414465667,2.2881958553433566,1.0494120194284537,103.84999999999998,6.29050837542599e-17,0.008411214953271028,0.0,0.0,0,0.0,55.88686795501529,0.013325668192209402
69f24c55522f6bea7501fbd2,283dd5e7-5401-4ed6-9702-3ff339b99462,2026-04-29 18:17:37.242,olla a presion,MX,MX,es,"['google_trends', 'youtube', 'aliexpress']",MX,MXN,ES,195.529,93.03,Home & Garden,31,35.38709677419355,100,0,40.81884974645484,2026-03-30,0,2026-04-29,0,3.2923387096774195,90676.0,2114.0,138.0,42.0,4,2,2,18,0,0.0,0.8461996680622108,52.372093023255815,0.06524822695035461,0.06169551708832668,2.7859759232774,0.005088307578016476,0.47336525398287277,1.1217946295568262,102.0625,1.8732631824357665e-18,0.06524822695035461,0.0,0.0,0,0.0,58.686608051375075,0.024835404788424848
69f24d5d522f6bea7501fc2a,cc0678a8-4cbc-4769-ae7a-1c4a775e480f,2026-04-29 18:25:23.215,juego de cuchillos,MX,MX,es,"['google_trends', 'youtube', 'aliexpress']",MX,MXN,ES,23.889,94.25,Tools,31,37.03225806451613,100,0,42.26305231993839,2026-03-30,0,2026-04-29,0,3.5939516129032256,1847.0,6.0,0.0,1.0,4,2,2,18,0,0.0,0.8559788567541566,3.0,0.0,0.14285714285714285,3.0763465928426603,0.04017839206074973,3.786813451725662,1.1112422577761578,111.4125,4.41966741130988e-19,0.0,0.0,0.0,0,0.0,55.43393827187807,0.003246753246753247
69f24f24522f6bea7501fc59,a5807c92-f84a-430f-acff-f673f202312a,2026-04-29 18:34:10.173,dispensador de jabon,MX,MX,es,"['google_trends', 'youtube', 'aliexpress']",MX,MXN,ES,58.748000000000005,94.02,Home & Garden,31,26.90322580645161,100,0,28.437480946466497,2026-03-30,0,2026-04-29,33,2.31774193548387,35931.0,101.0,2.0,3.0,4,2,2,18,33,1.03125,0.9139105976960612,25.75,0.0196078431372549,0.028846153846153848,2.1182089175632894,0.0167369619066747,1.5736091584655552,1.0191467160005336,71.84999999999998,4.4643573011498493e-13,0.0196078431372549,0.0,0.0,0,0.0,39.47166347423982,0.002866525659579205
69f2502e522f6bea7501fc8a,badfcfde-702c-486b-8b81-737b15110e13,2026-04-29 18:37:18.188,organizador de escritorio,MX,MX,es,"['google_trends', 'youtube', 'aliexpress']",MX,MXN,ES,21.217,91.0,Home & Garden,31,18.161290322580644,100,0,22.500513733681057,2026-03-30,0,2026-04-29,28,1.2846774193548385,24557.0,388.0,12.0,21.0,4,2,2,18,28,0.875,0.7728039705171121,18.181818181818183,0.030848329048843187,0.032418952618453865,0.9928038105110963,0.04501057748570914,4.095962551199532,1.1742692352594493,39.824999999999996,1.691028960893936e-10,0.030848329048843187,0.0,0.0,0,0.0,31.63928825214494,0.016287971333170455
69f25134522f6bea7501fccd,b3f93233-6e81-4406-bd31-5851b5015557,2026-04-29 18:41:46.054,lampara de mesa,MX,MX,es,"['google_trends', 'youtube', 'aliexpress']",MX,MXN,ES,325.973,89.4,Lights & Lighting,31,22.516129032258064,100,0,25.17653797717488,2026-03-30,0,2026-04-29,35,1.886290322580645,102932.0,1640.0,29.0,25.0,4,2,2,18,35,1.09375,0.8601645126598262,64.1923076923077,0.017672151127361365,0.017964071856287425,1.622519996057527,0.0030583565003838237,0.27341707113431385,1.0706072390842543,58.475,1.1640415514098514e-11,0.017672151127361365,0.0,0.0,0,0.0,38.17878947500964,0.016214430746213558
69f2523c522f6bea7501fd14,a75a1bf8-705e-4e4e-beb0-146490e68f06,2026-04-29 18:46:07.962,lampara led,MX,MX,es,"['google_trends', 'youtube', 'aliexpress']",MX,MXN,ES,36.426,92.32,Lights & Lighting,31,74.38709677419355,100,43,13.91085288388132,2026-03-30,96,2026-04-29,64,-0.3850806451612904,202151.0,6756.0,91.0,8.0,4,2,2,18,-32,-1.0,4.988788860938079,760.7777777777778,0.0134675151694539,0.013434579439252336,-1.9210860331434945,0.026719392935392508,2.466734355795436,0.18452564801040688,-11.937500000000004,9.090616858217812e-07,0.0134675151694539,0.0,0.0,0,0.0,33.91293236906655,0.0338705528513198
69f25367522f6bea7501fd4a,b68a4846-baf1-4e92-9b3a-ad228c5d3cb4,2026-04-29 18:50:30.723,foco inteligente,MX,MX,es,"['google_trends', 'youtube', 'aliexpress']",MX,MXN,ES,50.67,93.29,Lights & Lighting,31,19.806451612903224,100,0,23.07728949254181,2026-03-30,0,2026-04-29,44,1.3947580645161295,5219.0,66.0,3.0,15.0,4,2,2,18,44,1.375,0.8226196565455791,4.3125,0.04477611940298507,0.05714285714285714,1.1473553999964352,0.019353590090961874,1.8054964195858332,1.1091410453779784,43.23750000000001,9.498620052202591e-11,0.04477611940298507,0.0,0.0,0,0.0,32.40702708078978,0.013218390804597701
69f255a2522f6bea7501fd87,2d4b6b25-a7d2-4c3e-9a4d-5d7d59a36ef3,2026-04-29 18:55:30.107,enchufe inteligente,MX,MX,es,"['google_trends', 'youtube', 'aliexpress']",MX,MXN,ES,16.347,92.23,Phones & Telecommunications Accessories,31,31.225806451612904,100,0,36.212069514108464,2026-03-30,0,2026-04-29,99,3.098790322580645,183464.0,2668.0,136.0,23.0,4,2,2,18,99,3.09375,0.8391311437213684,116.83333333333333,0.050955414012738856,0.04884135472370767,2.600291467539805,0.057646855364039885,5.316769470225399,1.1236978527901524,96.0625,1.8762816522868953e-16,0.050955414012738856,0.0,0.0,0,0.0,51.94324734344157,0.015283569073120213
69f25697522f6bea7501fdcc,7ffd1b6e-8d9f-4f34-ab90-582554f78482,2026-04-29 19:05:03.796,tripode para camara,MX,MX,es,"['google_trends', 'youtube', 'aliexpress']",MX,MXN,ES,133.73333333333332,75.33333333333333,Consumer Electronics,31,7.354838709677419,100,0,23.48552516919982,2026-03-30,0,2026-04-29,0,0.4241935483870969,1497.0,45.0,14.0,7.0,4,2,2,18,0,0.0,0.30037496271180747,7.375,0.30434782608695654,0.25,0.12741712127936353,0.007422068283028205,0.5591291439881247,2.8110088040354997,13.150000000000004,6.314893264344042e-11,0.30434782608695654,0.0,0.0,0,0.0,28.773779620233416,0.03938584779706275
69f25783522f6bea7501fdfd,641b8640-f231-4076-9faf-0069d03493a5,2026-04-29 19:09:06.220,estabilizador movil,MX,MX,es,"['google_trends', 'youtube', 'aliexpress']",MX,MXN,ES,86.244,66.74,Consumer Electronics,31,3.225806451612903,100,0,17.96053020267749,2026-03-30,0,2026-04-29,0,0.4032258064516129,21169.0,248.0,12.0,16.0,4,2,2,18,0,0.0,0.17013271343843403,15.294117647058824,0.04819277108433735,0.04980842911877394,0.06860190058001371,0.011462106276649398,0.7649809729035807,4.250201803687039,12.5,1.584312471462259e-08,0.04819277108433735,0.0,0.0,0,0.0,17.530174330368958,0.01228153046764289
69f25876522f6bea7501fe3b,c10b55fc-4291-4728-af59-bbe717fd402e,2026-04-29 19:13:03.026,soporte para celular,MX,MX,es,"['google_trends', 'youtube', 'aliexpress']",MX,MXN,ES,48.575,63.370000000000005,Computer & Office,31,48.83870967741935,100,0,31.274160552756165,2026-03-30,75,2026-04-29,65,0.640725806451613,48379.0,1065.0,10.0,21.0,4,2,2,18,-10,-0.3125,1.513244925381912,48.86363636363637,0.009380863039399626,0.010223048327137546,0.9695750751741365,0.020171457387796268,1.2782652546646496,0.6275074285666286,19.862500000000004,2.6170055627337362e-14,0.009380863039399626,0.0,0.0,0,0.0,35.97611637917686,0.0222199255890864
69f25963522f6bea7501fe7e,a9fe76c6-c064-4148-bf48-8340fbe1e8fd,2026-04-29 19:17:07.091,cable hdmi,MX,MX,es,"['google_trends', 'youtube', 'aliexpress']",MX,MXN,ES,24.034,97.25,Consumer Electronics,31,72.03225806451613,100,55,11.31513402768682,2026-03-30,96,2026-04-29,62,-0.5137096774193549,67644.0,3736.0,41.0,3.0,4,2,2,18,-34,-1.0625,5.849084378828,944.25,0.010971367407010971,0.01111699311805188,-3.0047312494463196,0.03994567388351842,3.884716785172166,0.1549333722872312,-15.925000000000002,1.2187081902229819e-05,0.010971367407010971,0.0,0.0,0,0.0,37.08045466786049,0.05583561238820312
69f25a77522f6bea7501feaf,9523c39e-c872-4f8e-86ec-aa48ba5dc12e,2026-04-29 19:21:01.626,adaptador usb c,MX,MX,es,"['google_trends', 'youtube', 'aliexpress']",MX,MXN,ES,7.359,94.99,Phones & Telecommunications Accessories,31,62.25806451612903,100,0,23.154506749134157,2026-03-30,80,2026-04-29,61,-0.1370967741935483,16759.0,402.0,5.0,2.0,4,2,2,18,-19,-0.59375,2.5774926875027466,135.66666666666666,0.01240694789081886,0.014705882352941176,-0.35336593296408597,0.11963153487259241,11.363799497547554,0.3660324881301167,-4.249999999999997,8.792765435815504e-11,0.01240694789081886,0.0,0.0,0,0.0,34.24158905845814,0.02428400954653938
69f25b86522f6bea7501fedf,cb309298-a7fc-4c07-b857-2ca9b1886406,2026-04-29 19:25:37.190,memoria micro sd,MX,MX,es,"['google_trends', 'youtube', 'aliexpress']",MX,MXN,ES,28.48,93.26,Computer & Office,31,47.67741935483871,100,0,32.845483806021385,2026-03-30,0,2026-04-29,54,1.2544354838709677,3662.0,106.0,9.0,8.0,4,2,2,18,54,1.6875,1.4086789135026787,12.777777777777779,0.08411214953271028,0.08620689655172414,1.767096814478562,0.033921302578018994,3.1635006784260518,0.6747581166246938,38.887499999999996,5.437354236033879e-15,0.08411214953271028,0.0,0.0,0,0.0,45.85119660672182,0.03139503139503139
69f25c6c522f6bea7501ff15,5e77e726-efa6-4d1d-8e02-fe6b917cad11,2026-04-29 19:30:09.365,disco duro externo,MX,MX,es,"['google_trends', 'youtube', 'aliexpress']",MX,MXN,ES,193.538,93.71,Computer & Office,31,70.87096774193549,100,46,13.04541282209669,2026-03-30,67,2026-04-29,62,-0.1790322580645161,10772.0,203.0,58.0,28.0,4,2,2,18,-5,-0.15625,5.045844407680138,9.0,0.28431372549019607,0.22519083969465647,-0.9033689181491859,0.005140383883868447,0.48170537375731215,0.1815115787634638,-5.549999999999999,2.159977350729211e-06,0.28431372549019607,0.0,0.0,0,0.0,31.518984781746106,0.02422723475355054
69f25d74522f6bea7501ff5f,51610126-c2a7-4449-9952-645aeebfce85,2026-04-29 19:34:00.758,ssd portatil,MX,MX,es,"['google_trends', 'youtube', 'aliexpress']",MX,MXN,ES,28.01222222222222,95.83333333333331,Computer & Office,31,26.83870967741936,100,0,37.34800019116914,2026-03-30,0,2026-04-29,73,3.0729838709677417,2388.0,80.0,3.0,2.0,4,2,2,18,73,2.28125,0.6998724716706305,27.666666666666668,0.037037037037037035,0.047619047619047616,2.1506968171781753,0.0344682317797097,3.3032055455555125,1.3415851748855656,95.26249999999999,6.025174187394217e-17,0.037037037037037035,0.0,0.0,0,0.0,56.111533827068286,0.034742570113018
69f25e61522f6bea7501ff8e,957c38fe-32e3-45c3-afcf-7735d08e22d4,2026-04-29 19:38:22.027,router wifi,MX,MX,es,"['google_trends', 'youtube', 'aliexpress']",MX,MXN,ES,41.712,94.48,Computer & Office,31,57.61290322580645,100,39,17.364095944131076,2026-03-30,99,2026-04-29,43,-1.0044354838709677,1881.0,62.0,3.0,6.0,4,2,2,18,-56,-1.75,3.137257799190424,9.285714285714286,0.047619047619047616,0.06060606060606061,-3.1511730555578006,0.023412624086907658,2.2120247237310355,0.29625039860652913,-31.1375,2.8765302681307226e-08,0.047619047619047616,0.0,0.0,0,0.0,27.939705587529243,0.03453772582359192
69f25f55522f6bea7501ffc2,17da1980-b4cf-4c2b-8f4c-d3ac236dbb55,2026-04-29 19:42:20.179,repetidor wifi,MX,MX,es,"['google_trends', 'youtube', 'aliexpress']",MX,MXN,ES,53.705,93.56,Computer & Office,31,68.96774193548387,100,46,14.093695685110983,2026-03-30,94,2026-04-29,54,-0.7443548387096774,37841.0,2835.0,64.0,6.0,4,2,2,18,-40,-1.25,4.569307833833988,414.14285714285717,0.022566995768688293,0.022413793103448276,-3.401186395668364,0.018279864729001005,1.7102641440453341,0.2014313352874322,-23.075,7.571566382908171e-07,0.022566995768688293,0.0,0.0,0,0.0,41.03330309815739,0.07660800169124253
69f2609a522f6bea7501fff6,7948d084-9ae1-4556-b797-54bcafb97929,2026-04-29 19:46:23.813,teclado inalambrico,MX,MX,es,"['google_trends', 'youtube', 'aliexpress']",MX,MXN,ES,212.013,93.12,Computer & Office,31,39.935483870967744,100,0,25.79526504854585,2026-03-30,0,2026-04-29,44,0.4479838709677419,8077.0,140.0,2.0,12.0,4,2,2,18,44,1.375,1.4903933138416556,10.923076923076923,0.014184397163120567,0.02097902097902098,0.6676721659992255,0.004694549158971518,0.4371564176834278,0.6301443786484802,13.8875,6.269872800156707e-12,0.014184397163120567,0.0,0.0,0,0.0,33.194003304509636,0.01757860856647685
69f276f9522f6bea75020030,aa74eb54-5329-4502-af4e-7d1daae1a881,2026-04-29 21:23:18.592,mouse ergonomico,MX,MX,es,"['google_trends', 'youtube', 'aliexpress']",MX,MXN,ES,52.587,60.29,Computer & Office,31,19.774193548387096,100,0,23.373360445058463,2026-03-30,0,2026-04-29,31,1.6467741935483868,5353.0,100.0,9.0,4.0,4,2,2,18,31,0.96875,0.811303537440451,21.8,0.0891089108910891,0.09090909090909091,1.3360337285914523,0.018661242465523354,1.1250863082464029,1.1251151767031249,51.04999999999999,7.064452919872653e-11,0.0891089108910891,0.0,0.0,0,0.0,32.01747305811307,0.020358610384759057
69f277e3522f6bea75020062,34cd847d-1d28-49b3-a1e8-96c288c4e0c4,2026-04-29 21:27:15.868,alfombrilla mouse,MX,MX,es,"['google_trends', 'youtube', 'aliexpress']",MX,MXN,ES,97.304,94.68,Computer & Office,31,10.741935483870968,100,0,25.98841760212356,2026-03-30,0,2026-04-29,0,0.6778225806451611,2313.0,30.0,2.0,4.0,4,2,2,18,0,0.0,0.3980202041569769,6.4,0.06451612903225806,0.09090909090909091,0.269787081930596,0.010172526041666666,0.963134765625,2.2132993012797537,21.012499999999996,5.168608554001094e-12,0.06451612903225806,0.0,0.0,0,0.0,27.894111348705,0.013828867761452032
69f278ce522f6bea75020094,7241ddcb-61fc-4774-9555-7243adb87da9,2026-04-29 21:31:09.692,silla ergonomica,MX,MX,es,"['google_trends', 'youtube', 'aliexpress']",MX,MXN,ES,2813.385,0.0,Furniture,31,33.806451612903224,100,0,34.39517345485042,2026-03-30,0,2026-04-29,59,2.981854838709678,41146.0,1284.0,106.0,30.0,4,2,2,18,59,1.84375,0.9551147321265779,44.83870967741935,0.08249027237354085,0.07692307692307693,2.8480134855145343,0.00035531741392879794,0.0,0.9881838527343495,92.43750000000001,1.1544256413358804e-15,0.08249027237354085,0.0,0.0,0,0.0,51.11517520746782,0.03378132063090869
69f279df522f6bea750200e0,0bb54b2b-60a5-4f65-9e85-deed8a1ce743,2026-04-29 21:35:07.237,mesa plegable,MX,MX,es,"['google_trends', 'youtube', 'aliexpress']",MX,MXN,ES,70.05499999999999,94.75,Furniture,31,71.03225806451613,100,42,11.19370022517947,2026-03-30,77,2026-04-29,54,-0.5911290322580646,96970.0,1435.0,118.0,29.0,4,2,2,18,-23,-0.71875,5.825324286539171,51.766666666666666,0.08217270194986072,0.07657657657657657,-3.4435183080913006,0.014073604953908945,1.3334740693828726,0.15539843572797293,-18.325000000000003,1.3760612337471886e-05,0.08217270194986072,0.0,0.0,0,0.0,26.24726724374054,0.01601509729713007
69f27ad1522f6bea7502012b,848ab481-e5ce-43e9-b472-564072e52ff6,2026-04-29 21:39:39.638,soporte laptop,MX,MX,es,"['google_trends', 'youtube', 'aliexpress']",MX,MXN,ES,93.573,93.7,Computer & Office,31,40.12903225806452,100,0,42.91677367143984,2026-03-30,0,2026-04-29,84,3.954435483870968,15337.0,512.0,31.0,22.0,4,2,2,18,84,2.625,0.9137518288180039,23.608695652173914,0.06042884990253411,0.058823529411764705,3.613372655329905,0.01057384242860013,0.9907690355598322,1.0434666539722628,122.5875,2.2986985051530994e-19,0.06042884990253411,0.0,0.0,0,0.0,66.79232806395268,0.035402268874690314
69f27bdb522f6bea7502016f,9e39ce02-b027-4da5-bf5a-c7558d9c5623,2026-04-29 21:43:41.197,ventilador de torre,MX,MX,es,"['google_trends', 'youtube', 'aliexpress']",MX,MXN,ES,1023.55,0.0,Home & Garden,31,31.387096774193548,100,0,27.54351396046486,2026-03-30,0,2026-04-29,100,2.4689516129032256,451204.0,1613.0,25.0,31.0,4,2,2,18,100,3.125,1.0996227310227915,51.1875,0.015489467162329617,0.01586333129957291,2.714915315343771,0.0009760382606998195,0.0,0.8504471441976201,76.5375,1.0914500742463835e-12,0.015489467162329617,0.0,0.0,0,0.0,33.423436504863346,0.003630278919781474
69f27cc3522f6bea750201b3,2d7430ce-0990-4cc9-b799-cfcf12a59430,2026-04-29 21:48:07.319,aire acondicionado portatil,MX,MX,es,"['google_trends', 'youtube', 'aliexpress']",MX,MXN,ES,20.062,93.63,"Automobiles, Parts & Accessories",31,23.774193548387096,100,0,25.78463324982453,2026-03-30,0,2026-04-29,100,2.168548387096774,15181.0,196.0,5.0,7.0,4,2,2,18,100,3.125,0.8876057150621185,25.125,0.025380710659898477,0.0297029702970297,1.924815941775836,0.0474788719020036,4.445446776184597,1.0407859775319799,67.225,6.336888442929778e-12,0.025380710659898477,0.0,0.0,0,0.0,39.173402345379486,0.013239362402845475
69f27dd0522f6bea750201e8,25a02de5-a19c-454c-ab38-83ad6011812e,2026-04-29 21:51:57.301,calefactor electrico,MX,MX,es,"['google_trends', 'youtube', 'aliexpress']",MX,MXN,ES,77.889,91.3,Consumer Electronics,31,28.193548387096776,100,0,39.56380446387726,2026-03-30,0,2026-04-29,69,2.70766129032258,3414255.0,88521.0,1247.0,16.0,4,2,2,18,69,2.15625,0.6950420149126691,5280.470588235294,0.014086893653555048,0.013902349363365972,1.8819383589268437,0.01267603848445284,1.1573223136305442,1.355224241304083,83.93749999999999,6.571402039876681e-18,0.014086893653555048,0.0,0.0,0,0.0,64.91744438556609,0.02629211166356594
69f27eb5522f6bea75020226,74de9bb8-9d39-4085-a166-74df6306d72a,2026-04-29 21:56:27.379,humidificador,MX,MX,es,"['google_trends', 'youtube', 'aliexpress']",MX,MXN,ES,59.223,90.06,Home Appliances,31,58.2258064516129,100,0,19.60562789510426,2026-03-30,86,2026-04-29,70,-0.2004032258064516,,,,,4,2,2,18,-16,-0.5,2.82572347457788,0.0,0.0,1.0,-0.5662840995424219,0.016604951596566095,1.4954419407867428,0.3310318435447887,-6.2124999999999995,3.057623382590933e-09,0.0,0.0,0.0,0,0.0,24.89673963636072,0.0
69f28038522f6bea75020254,5d844869-5bb5-47fa-8c98-78996af5dca7,2026-04-29 22:00:14.369,deshumidificador,MX,MX,es,"['google_trends', 'youtube', 'aliexpress']",MX,MXN,ES,452.241,38.74,Home & Garden,31,29.61290322580645,100,0,30.33774043371813,2026-03-30,0,2026-04-29,56,2.547983870967742,,,,,4,2,2,18,56,1.75,0.9449597455323925,0.0,0.0,1.0,2.4077421903303176,0.002206331730801053,0.08547329125123279,0.9910115420919516,78.9875,6.675545128872298e-14,0.0,0.0,0.0,0,0.0,35.935586986643415,0.0
69f280f2522f6bea75020282,3a5f8389-ac9d-4be3-a307-0fbf035676a8,2026-04-29 22:06:41.471,difusor de aromas,MX,MX,es,"['google_trends', 'youtube', 'aliexpress']",MX,MXN,ES,121.821,92.59,Home Appliances,31,35.29032258064516,100,0,38.15598996084983,2026-03-30,0,2026-04-29,54,3.412903225806452,,,,,4,2,2,18,54,1.6875,0.9012751973818115,0.0,0.0,1.0,3.075965028483731,0.00814193012595566,0.7538613103622345,1.0514095011434175,105.80000000000001,2.6857408724523233e-17,0.0,0.0,0.0,0,0.0,51.37929120648894,0.0
69f281d4522f6bea750202b0,e73a519a-c756-4c5f-be26-c0bf01330541,2026-04-29 22:09:48.190,colchon inflable,MX,MX,es,"['google_trends', 'youtube', 'aliexpress']",MX,MXN,ES,54.839,93.75,Sports & Entertainment,31,46.80645161290322,100,0,21.865374994632813,2026-03-30,82,2026-04-29,36,-1.4076612903225805,,,,,4,2,2,18,-46,-1.4375,2.0470450024935123,0.0,0.0,1.0,-2.8815460095584076,0.017908630168878382,1.6789340783323483,0.4573728912507539,-43.637499999999996,3.1914518393315785e-10,0.0,0.0,0.0,0,0.0,16.6009994159065,0.0
69f282b9522f6bea750202de,b20937e7-8fa7-4d26-b5c8-f364ff15cf94,2026-04-29 22:13:33.949,saco de dormir,MX,MX,es,"['google_trends', 'youtube', 'aliexpress']",MX,MXN,ES,217.21400000000003,54.75,Mother & Kids,31,35.41935483870968,100,0,38.938219607945086,2026-03-30,0,2026-04-29,83,3.5826612903225805,,,,,4,2,2,18,83,2.59375,0.8868536250840674,0.0,0.0,1.0,3.177296152770943,0.004582657391368106,0.2509004921774038,1.069162805886889,111.0625,1.2284177669311607e-17,0.0,0.0,0.0,0,0.0,48.593221917144454,0.0
69f283cb522f6bea7502030c,43bbc628-78e8-4e83-81a1-6e8e7d993e6f,2026-04-29 22:17:23.110,tienda de campaña,MX,MX,es,"['google_trends', 'youtube', 'aliexpress']",MX,MXN,ES,57.297,93.8,Home & Garden,31,19.483870967741936,100,0,24.10652880824603,2026-03-30,0,2026-04-29,23,0.1032258064516128,,,,,4,2,2,18,23,0.71875,0.7760479800514128,0.0,0.0,1.0,0.08010817858595222,0.017153541348611422,1.6090021784997512,1.1768541622923259,3.199999999999997,3.3936539921310516e-11,0.0,0.0,0.0,0,0.0,21.562064795693455,0.0
69f284b3522f6bea7502033a,bfdbf103-5a46-433e-98dd-6165581abbae,2026-04-29 22:21:56.561,linterna frontal,MX,MX,es,"['google_trends', 'youtube', 'aliexpress']",MX,MXN,ES,62.35555555555556,92.86666666666666,Lights & Lighting,31,8.774193548387096,100,0,27.348015988269125,2026-03-30,0,2026-04-29,90,1.145967741935484,,,,,4,2,2,18,90,2.8125,0.3095170241197127,0.0,0.0,1.0,0.3546965252210579,0.01578393546124167,1.4658014731673095,2.79798183378331,35.525,1.327111966777892e-12,0.0,0.0,0.0,0,0.0,27.23676306383607,0.0
69f28599522f6bea75020367,6192ba02-1814-49c7-9370-d3354aeba636,2026-04-29 22:25:48.919,navaja multiusos,MX,MX,es,"['google_trends', 'youtube', 'aliexpress']",MX,MXN,ES,22.634,94.2,Tools,31,32.25806451612903,100,0,37.46017239854926,2026-03-30,0,2026-04-29,60,3.2112903225806453,,,,,4,2,2,18,60,1.875,0.838739467463901,0.0,0.0,1.0,2.6934359350332695,0.042311923500042314,3.985783193703986,1.1263485396266024,99.55,5.385844820588672e-17,0.0,0.0,0.0,0,0.0,49.174882338112475,0.0
69f2867e522f6bea75020395,c58dc1ab-ed76-4ce0-81f6-e970e233e2cc,2026-04-29 22:29:39.006,kit primeros auxilios,MX,MX,es,"['google_trends', 'youtube', 'aliexpress']",MX,MXN,ES,13.013,95.83,Security & Protection,31,30.548387096774192,100,0,35.979474435366086,2026-03-30,0,2026-04-29,51,2.927419354838709,,,,,4,2,2,18,51,1.59375,0.8260903531814019,0.0,0.0,1.0,2.418312888748781,0.07136230642974381,6.838649825162349,1.1404536886465733,90.74999999999999,2.36762431230892e-16,0.0,0.0,0.0,0,0.0,46.594810592723505,0.0
69f2878b522f6bea750203c3,2281aacf-da50-47aa-af62-754e7156dc70,2026-04-29 22:33:28.307,mochila escolar,MX,MX,es,"['google_trends', 'youtube', 'aliexpress']",MX,MXN,ES,103.934,95.89,Luggage & Bags,31,38.2258064516129,100,0,41.07043517131625,2026-03-30,0,2026-04-29,59,3.8528225806451606,,,,,4,2,2,18,59,1.84375,0.9086144770300681,0.0,0.0,1.0,3.50073037420254,0.009529799683610651,0.9138124916614253,1.0470258966371742,119.43749999999997,1.4565876914541192e-18,0.0,0.0,0.0,0,0.0,56.312189306135835,0.0
69f28896522f6bea750203f1,ec6949cc-ba8f-4b5b-bda0-c3fbd193127d,2026-04-29 22:37:57.372,bolsa de gimnasio,MX,MX,es,"['google_trends', 'youtube', 'aliexpress']",MX,MXN,ES,28.138,92.86,Home & Garden,31,9.096774193548388,100,0,28.34002451035129,2026-03-30,0,2026-04-29,100,1.3951612903225807,,,,,4,2,2,18,100,3.125,0.3100465778526874,0.0,0.0,1.0,0.43256498361705586,0.03431944539776237,3.186903699636214,2.8068394882456547,43.25,4.921344170473928e-13,0.0,0.0,0.0,0,0.0,29.196720775698694,0.0
69f2897d522f6bea7502041f,01d65074-faf9-45b4-b64f-c0b9a2288a28,2026-04-29 22:42:24.008,maleta de viaje,MX,MX,es,"['google_trends', 'youtube', 'aliexpress']",MX,MXN,ES,19.81,92.82,Luggage & Bags,31,47.32258064516129,100,0,18.000716831604592,2026-03-30,91,2026-04-29,43,-0.8165322580645161,,,,,4,2,2,18,-48,-1.5,2.4905681751147357,0.0,0.0,1.0,-2.033629255890056,0.04805382027871216,4.460355598270063,0.37251149651518184,-25.3125,1.52190663259034e-08,0.0,0.0,0.0,0,0.0,18.454498055350133,0.0
69f28a64522f6bea7502044d,19665c17-47b1-42e3-a086-ab3db84b4577,2026-04-29 22:46:14.817,candado seguridad,MX,MX,es,"['google_trends', 'youtube', 'aliexpress']",MX,MXN,ES,129.26,0.0,Home Improvement,31,27.774193548387096,100,0,29.262842966715034,2026-03-30,0,2026-04-29,39,2.4137096774193547,,,,,4,2,2,18,39,1.21875,0.9177655112883772,0.0,0.0,1.0,2.215219496198478,0.0076769537847382165,0.0,1.0169822107266435,74.825,1.9557294463968819e-13,0.0,0.0,0.0,0,0.0,28.938871990037722,0.0
69f28b54522f6bea75020472,84f412c3-cae5-4ed8-abaf-7981f9beee76,2026-04-29 22:50:05.622,balanza digital,MX,MX,es,"['google_trends', 'youtube', 'aliexpress']",MX,MXN,ES,47.387,93.78,Tools,31,30.06451612903226,100,0,38.35529992397484,2026-03-30,0,2026-04-29,49,2.765725806451613,,,,,4,2,2,18,49,1.53125,0.7639254734968306,0.0,0.0,1.0,2.112808396255952,0.020666708000082665,1.9381238762477524,1.2346981283937901,85.7375,2.200416491850259e-17,0.0,0.0,0.0,0,0.0,46.393610356428596,0.0
69f28c64522f6bea750204a0,b8a95bfb-e88c-4ed5-8840-f3815cb121ab,2026-04-29 22:54:06.409,bascula cocina,MX,MX,es,"['google_trends', 'youtube', 'aliexpress']",MX,MXN,ES,49.238,94.41,Home & Garden,31,39.74193548387097,100,0,42.4452335305434,2026-03-30,0,2026-04-29,66,4.026209677419355,,,,,4,2,2,18,66,2.0625,0.9147593937072777,0.0,0.0,1.0,3.683013123454503,0.019905251005215174,1.8792547474023646,1.0418069987702654,124.8125,3.683573115263927e-19,0.0,0.0,0.0,0,0.0,57.98549479639134,0.0
69f28e2f522f6bea750204ce,bb1ea614-2b80-4ece-a312-bdae0af9ff85,2026-04-29 23:02:19.580,oximetro,MX,MX,es,"['google_trends', 'youtube', 'aliexpress']",MX,MXN,ES,45.18888888888889,94.25555555555556,Beauty & Health,31,67.80645161290323,100,45,9.89417119600798,2026-03-30,62,2026-04-29,60,-0.4108870967741934,,,,,4,2,2,18,-2,-0.0625,6.22410373335697,0.0,0.0,1.0,-2.5574039130204635,0.02165022853019004,2.0406543180178014,0.14379714349566214,-12.737499999999995,5.0467994443009184e-05,0.0,0.0,0.0,0,0.0,21.644620555947892,0.0
69f28f18522f6bea750204fb,2a13e7ac-a11b-4455-81ee-42ecca43f809,2026-04-29 23:06:16.622,masajeador electrico,MX,MX,es,"['google_trends', 'youtube', 'aliexpress']",MX,MXN,ES,663.7566666666667,0.0,Industrial & Business,31,37.03225806451613,100,0,40.158422836699934,2026-03-30,0,2026-04-29,75,3.628225806451613,31290.0,234.0,20.0,21.0,4,2,2,18,75,2.34375,0.8997492010674275,11.545454545454545,0.0851063829787234,0.08235294117647059,3.2644932706470615,0.0015043098477136997,0.0,1.0559042476146718,112.47500000000001,3.625922857163805e-18,0.0851063829787234,0.0,0.0,0,0.0,46.522900645108585,0.008117350036751781
69f290d9522f6bea75020537,1b6d74c8-c018-4739-b469-89b75d8a7db9,2026-04-29 23:13:53.512,rodillo masaje,MX,MX,es,"['google_trends', 'youtube', 'aliexpress']",MX,MXN,ES,22.473,91.86,Beauty & Health,31,35.516129032258064,100,0,39.31485806302916,2026-03-30,0,2026-04-29,74,3.525403225806452,,,,,4,2,2,18,74,2.3125,0.8809687231623473,0.0,0.0,1.0,3.1057699784711303,0.04260213862735909,3.9134324543092065,1.076643639535251,109.28750000000001,8.428961815437929e-18,0.0,0.0,0.0,0,0.0,52.305737689498464,0.0
69f292a6522f6bea75020565,44f0941b-e9d5-42aa-b439-8f11b4057c54,2026-04-29 23:21:22.807,mancuernas,MX,MX,es,"['google_trends', 'youtube', 'aliexpress']",MX,MXN,ES,16.988,93.63,Sports & Entertainment,31,70.80645161290323,100,32,16.62411773065207,2026-03-30,70,2026-04-29,71,-0.1830645161290321,,,,,4,2,2,18,1,0.03125,4.0175884373352675,0.0,0.0,1.0,-0.735477883286375,0.0555926173004225,5.205136757838559,0.23151287046280958,-5.674999999999995,6.02889059751078e-08,0.0,0.0,0.0,0,0.0,26.481339383778522,0.0
69f2938f522f6bea75020593,f2124c2d-9f44-44ef-870c-291eb3dbeda5,2026-04-29 23:25:20.635,kettlebell,MX,MX,es,"['google_trends', 'youtube', 'aliexpress']",MX,MXN,ES,21.447,96.94,Jewelry & Accessories,31,31.870967741935484,100,0,30.62650479076783,2026-03-30,0,2026-04-29,39,0.6185483870967743,,,,,4,2,2,18,39,1.21875,1.007729685995495,0.0,0.0,1.0,0.6233295719020522,0.04454938299104558,4.318617187151958,0.9317189877466169,19.175000000000004,5.0012431480896585e-14,0.0,0.0,0.0,0,0.0,30.357880814786927,0.0
69f2955c522f6bea750205c1,58525ebf-a4ba-4a89-85df-64b1461869c7,2026-04-29 23:32:57.649,bloques yoga,MX,MX,es,"['google_trends', 'youtube', 'aliexpress']",MX,MXN,ES,91.794,19.0,Sports & Entertainment,31,27.483870967741936,100,0,38.97252961402594,2026-03-30,0,2026-04-29,57,2.633870967741936,,,,,4,2,2,18,57,1.78125,0.6875689688174785,0.0,0.0,1.0,1.8109679452886172,0.01077655882923465,0.20475461775545833,1.3682315040031756,81.65,1.1869855795157765e-17,0.0,0.0,0.0,0,0.0,36.67782426001244,0.0
69f2966a522f6bea750205ea,95b644ea-abf8-47df-b363-0152e81b077d,2026-04-29 23:36:53.260,rueda abdominal,MX,MX,es,"['google_trends', 'youtube', 'aliexpress']",MX,MXN,ES,71.27000000000001,95.12,Beauty & Health,31,35.16129032258065,100,0,38.60060170014067,2026-03-30,0,2026-04-29,63,3.434274193548387,,,,,4,2,2,18,63,1.96875,0.8878978806641654,0.0,0.0,1.0,3.0492847780712484,0.01383700013837,1.3161754531617544,1.0674564252492067,106.46249999999999,1.7217563107684143e-17,0.0,0.0,0.0,0,0.0,51.85692172606281,0.0
69f29757522f6bea75020618,6776dbb0-e19f-44b4-bff4-85c87d1a6455,2026-04-29 23:41:23.769,cuerda para saltar,MX,MX,es,"['google_trends', 'youtube', 'aliexpress']",MX,MXN,ES,83.10428571428572,53.94285714285714,Sports & Entertainment,31,33.774193548387096,100,0,31.02226047794213,2026-03-30,0,2026-04-29,36,1.458467741935484,,,,,4,2,2,18,36,1.125,1.0547098500948038,0.0,0.0,1.0,1.5382602934648812,0.011890000509571449,0.6413805989163113,0.8921058207942542,45.2125,3.366692552377381e-14,0.0,0.0,0.0,0,0.0,31.208505605988112,0.0
69f29841522f6bea75020643,3e6a4c39-ddc1-4d02-adbd-1dd0ec3780fa,2026-04-29 23:45:20.799,casco bicicleta,MX,MX,es,"['google_trends', 'youtube', 'aliexpress']",MX,MXN,ES,103.268,93.84,Motorcycle Equipments & Parts,31,39.29032258064516,100,0,42.01840354605515,2026-03-30,0,2026-04-29,64,3.833870967741936,,,,,4,2,2,18,64,2.0,0.9133375332857544,0.0,0.0,1.0,3.5016182526132877,0.009590670196033298,0.8999884911957647,1.0428907205185824,118.85000000000002,5.644678375296545e-19,0.0,0.0,0.0,0,0.0,56.58223809536403,0.0
69f2992a522f6bea75020671,588d3673-61e5-4721-991e-d7dce131f424,2026-04-29 23:49:14.859,luces bicicleta,MX,MX,es,"['google_trends', 'youtube', 'aliexpress']",MX,MXN,ES,56.248000000000005,93.53,Sports & Entertainment,31,9.838709677419354,100,0,18.153230702721668,2026-03-30,0,2026-04-29,12,0.5830645161290322,,,,,4,2,2,18,12,0.375,0.5136840792097428,0.0,0.0,1.0,0.29951095908761616,0.0174678591391839,1.6337688652878701,1.674851642215392,18.075,1.3066283506611329e-08,0.0,0.0,0.0,0,0.0,19.9595204403853,0.0
69f29a17522f6bea7502069f,392878b8-9216-4c56-b0cc-a1dca61e0d9e,2026-04-29 23:53:07.760,bomba de aire,MX,MX,es,"['google_trends', 'youtube', 'aliexpress']",MX,MXN,ES,36.664,82.24,Home & Garden,31,67.80645161290323,100,51,13.290145107907865,2026-03-30,86,2026-04-29,75,-0.6233870967741935,,,,,4,2,2,18,-11,-0.34375,4.744979921539115,0.0,0.0,1.0,-2.957959257540109,0.02655055225148683,2.183517417162277,0.19315260119322258,-19.324999999999996,1.6910767395578955e-06,0.0,0.0,0.0,0,0.0,20.402894603637264,0.0
69f29c37522f6bea750206cd,f1c01bc4-8b2b-4d8a-bb10-0f3a08521cef,2026-04-30 00:00:56.372,patines en linea,MX,MX,es,"['google_trends', 'youtube', 'aliexpress']",MX,MXN,ES,81.45599999999999,95.1,Shoes,31,33.41935483870968,100,0,38.99895228810502,2026-03-30,0,2026-04-29,45,3.538306451612903,,,,,4,2,3,18,45,1.40625,0.8355057552006931,0.0,0.0,1.0,2.9562754039863233,0.01212768021732803,1.1533423886678957,1.1330529718193587,109.6875,1.156032972530592e-17,0.0,0.0,0.0,0,0.0,52.35553049942079,0.0
69f29d1f522f6bea750206fb,f93acb9e-be38-412b-bfc9-97f6d1cc2a70,2026-04-30 00:06:08.893,skateboard,MX,MX,es,"['google_trends', 'youtube', 'aliexpress']",MX,MXN,ES,18.11555555555556,97.76666666666668,Home Improvement,31,32.03225806451613,100,0,31.053162878057734,2026-03-30,88,2026-04-29,32,0.3012096774193548,,,,,4,2,3,18,-56,-1.75,0.9993478080892941,0.0,0.0,1.0,0.30101323090431553,0.052313415484770975,5.114508253894443,0.9400859855662009,9.337499999999999,3.264244765951984e-14,0.0,0.0,0.0,0,0.0,28.70473132212541,0.0
69f29e0c522f6bea75020728,b65dc945-beca-461f-b417-dcfc3a8a1f5b,2026-04-30 00:10:01.168,balon futbol,MX,MX,es,"['google_trends', 'youtube', 'aliexpress']",MX,MXN,ES,28.709,93.24,Sports & Entertainment,31,65.19354838709677,100,34,17.671859654714158,2026-03-30,36,2026-04-29,86,1.3737903225806452,,,,,4,2,3,18,50,1.5625,3.4915401889622224,0.0,0.0,1.0,4.796644122497698,0.033659833720421424,3.1384428960920934,0.2669725386433426,42.5875,2.114505733068118e-08,0.0,0.0,0.0,0,0.0,35.44969012506556,0.0
69f29ef9522f6bea75020756,df4c5ce1-c5e9-4b69-9dad-ba805628161a,2026-04-30 00:13:57.806,balon baloncesto,MX,MX,es,"['google_trends', 'youtube', 'aliexpress']",MX,MXN,ES,19.968,93.11,Sports & Entertainment,31,28.387096774193548,100,0,35.648915289112544,2026-03-30,0,2026-04-29,43,2.6826612903225806,,,,,4,2,3,18,43,1.34375,0.7745685390756061,0.0,0.0,1.0,2.0779050364798417,0.04769172071728348,4.440576115986265,1.2130805422200757,83.1625,3.295131904250376e-16,0.0,0.0,0.0,0,0.0,44.206462340335456,0.0
69f2a005522f6bea75020784,67ef8d0c-e42e-400f-8f4e-4e2a924035d1,2026-04-30 00:17:55.466,balon voleibol,MX,MX,es,"['google_trends', 'youtube', 'aliexpress']",MX,MXN,ES,30.522,95.0,Sports & Entertainment,31,21.225806451612904,100,0,24.05370335647487,2026-03-30,0,2026-04-29,30,1.4782258064516132,,,,,4,2,3,18,30,0.9375,0.8472123322290122,0.0,0.0,1.0,1.2523711330449836,0.03172387538861748,3.01376816191866,1.0822420958646168,45.82500000000001,3.577744831052229e-11,0.0,0.0,0.0,0,0.0,30.461884318178164,0.0
69f2a1d9522f6bea750207b2,891a82d4-67c8-461f-8455-10abfa43f5ba,2026-04-30 00:26:15.069,raqueta tenis,MX,MX,es,"['google_trends', 'youtube', 'aliexpress']",MX,MXN,ES,40.422,95.56,Sports & Entertainment,31,31.741935483870968,100,0,35.48705655299829,2026-03-30,0,2026-04-29,43,2.6673387096774195,,,,,4,2,3,18,43,1.34375,0.8699505655591888,0.0,0.0,1.0,2.320452819021788,0.024141760417169623,2.306986625464729,1.0838411361014255,82.6875,3.8740672916608455e-16,0.0,0.0,0.0,0,0.0,45.03853381104811,0.0
69f2a2ca522f6bea750207e0,7e25ebe5-28ef-4b69-938f-8c60aae98d90,2026-04-30 00:30:10.757,mesa ping pong,MX,MX,es,"['google_trends', 'youtube', 'aliexpress']",MX,MXN,ES,90.91,97.27,Sports & Entertainment,31,37.483870967741936,100,0,42.37992525378176,2026-03-30,0,2026-04-29,83,3.947580645161291,,,,,4,2,3,18,83,2.59375,0.8640833461204313,0.0,0.0,1.0,3.411038692951219,0.01088020890001088,1.0583179197040584,1.1012386277177153,122.37500000000001,3.932170301832922e-19,0.0,0.0,0.0,0,0.0,57.461706103209245,0.0
69f2a3bd522f6bea7502080e,fcc8551f-d6d8-469a-b77c-bdf8ca4d00e8,2026-04-30 00:34:11.855,dardos,MX,MX,es,"['google_trends', 'youtube', 'aliexpress']",MX,MXN,ES,15.851,92.81,Toys & Hobbies,31,63.41935483870968,100,0,27.441785891286774,2026-03-30,0,2026-04-29,77,1.0858870967741936,,,,,4,2,3,18,77,2.40625,2.229795100811106,0.0,0.0,1.0,2.421305728421092,0.05934365913002196,5.507685003857338,0.4259866613069053,33.6625,1.208325146906654e-12,0.0,0.0,0.0,0,0.0,37.56090677329127,0.0
69f2a4ae522f6bea7502083c,944266c5-eeba-4b4e-99b4-6b6c8c76390c,2026-04-30 00:38:14.958,juego cartas,MX,MX,es,"['google_trends', 'youtube', 'aliexpress']",MX,MXN,ES,27.422222222222224,93.05555555555556,Sports & Entertainment,31,61.03225806451613,100,37,17.2616798544594,2026-03-30,59,2026-04-29,46,-0.6407258064516129,,,,,4,2,3,18,-13,-0.40625,3.342094404837154,0.0,0.0,1.0,-2.141366132776709,0.03518373729476153,3.2740422204847537,0.2782694100302867,-19.8625,3.186747771863654e-08,0.0,0.0,0.0,0,0.0,21.963843098907308,0.0
69f2a5e4522f6bea75020869,4afe77fd-03ca-4014-b998-de2cc07049d9,2026-04-30 00:42:15.837,rompecabezas,MX,MX,es,"['google_trends', 'youtube', 'aliexpress']",MX,MXN,ES,17.693,90.34,Toys & Hobbies,31,82.7741935483871,100,57,12.13180304659164,2026-03-30,72,2026-04-29,82,0.5048387096774194,,,,,4,2,3,18,10,0.3125,6.3033380301779,0.0,0.0,1.0,3.1821690378156178,0.053495961054940346,4.832825121703311,0.14481551576601495,15.650000000000002,5.385485753022975e-06,0.0,0.0,0.0,0,0.0,30.723227122167135,0.0
69f2a6c9522f6bea75020897,68784fca-d320-4563-a12f-2aa1e81f7c41,2026-04-30 00:47:26.104,figuras coleccionables,MX,MX,es,"['google_trends', 'youtube', 'aliexpress']",MX,MXN,ES,84.7911111111111,85.3111111111111,Toys & Hobbies,31,33.774193548387096,100,0,39.08768747096657,2026-03-30,0,2026-04-29,54,3.511290322580645,,,,,4,2,3,18,54,1.6875,0.8425079040253441,0.0,0.0,1.0,2.958289850101894,0.01165621924053256,0.9944050147645443,1.12404296066787,108.85,1.0578717533062851e-17,0.0,0.0,0.0,0,0.0,51.15743476239742,0.0
69f2a89d522f6bea750208c4,1e346986-640c-4e1f-8659-71bfa42f7010,2026-04-30 00:55:05.813,set de pintura,MX,MX,es,"['google_trends', 'youtube', 'aliexpress']",MX,MXN,ES,17.528,95.1,Office & School Supplies,31,27.967741935483872,100,0,37.65411342821015,2026-03-30,0,2026-04-29,56,2.84274193548387,,,,,4,2,3,18,56,1.75,0.7235385695089501,0.0,0.0,1.0,2.0568334334831038,0.05397236614853196,5.132772020725389,1.29986360386917,88.12499999999997,4.4363552633025555e-17,0.0,0.0,0.0,0,0.0,46.22866768653099,0.0
69f2aaa4522f6bea750208f2,94c6abd8-fc38-4eaa-a361-70c371204bd6,2026-04-30 00:59:02.525,acuarelas,MX,MX,es,"['google_trends', 'youtube', 'aliexpress']",MX,MXN,ES,16.165,93.11,Office & School Supplies,31,62.096774193548384,100,0,24.25057365467145,2026-03-30,54,2026-04-29,81,0.9286290322580644,,,,,4,2,3,18,27,0.84375,2.4592223148189842,0.0,0.0,1.0,2.2837052383177903,0.058258083309059135,5.424410136906496,0.38433935751268655,28.787499999999994,2.938391633622343e-11,0.0,0.0,0.0,0,0.0,34.95138572544249,0.0
69f2abae522f6bea75020920,405dc01f-3a61-4fc4-a92a-03b059ddf4ca,2026-04-30 01:07:42.162,lapices de colores,MX,MX,es,"['google_trends', 'youtube', 'aliexpress']",MX,MXN,ES,13.105,94.12,Beauty & Health,31,31.677419354838708,100,0,36.45854915450714,2026-03-30,0,2026-04-29,53,3.3588709677419355,,,,,4,2,3,18,53,1.65625,0.8456659446199393,0.0,0.0,1.0,2.8404827897919733,0.07089684509039347,6.6728110599078345,1.115710783602884,104.125,1.4664028094113394e-16,0.0,0.0,0.0,0,0.0,49.49741863297946,0.0
69f2ac94522f6bea7502094e,19ed0b81-3887-44ee-9748-331abd5628a5,2026-04-30 01:12:08.031,cuaderno notas,MX,MX,es,"['google_trends', 'youtube', 'aliexpress']",MX,MXN,ES,16.875,94.04,Office & School Supplies,31,6.032258064516129,100,0,17.816628695253097,2026-03-30,0,2026-04-29,7,-0.0616935483870968,,,,,4,2,3,18,7,0.21875,0.3205812349391736,0.0,0.0,1.0,-0.019777793929715154,0.055944055944055944,5.260979020979021,2.5335572915268165,-1.9125000000000008,1.829517093504766e-08,0.0,0.0,0.0,0,0.0,15.03678345178216,0.0
69f2ad7f522f6bea7502097c,46bb27c2-fab6-4a54-a021-92b4a1513ad1,2026-04-30 01:15:57.779,agenda,MX,MX,es,"['google_trends', 'youtube', 'aliexpress']",MX,MXN,ES,36.019,97.18,Office & School Supplies,31,74.19354838709677,100,50,14.14548067956384,2026-03-30,66,2026-04-29,79,0.2483870967741935,,,,,4,2,3,18,13,0.40625,4.89872523406985,0.0,0.0,1.0,1.2167801387850916,0.027013155406683056,2.6251384424214597,0.1881209356784552,7.699999999999998,7.189452140440162e-07,0.0,0.0,0.0,0,0.0,29.183331523778083,0.0
69f2af66522f6bea750209aa,63646184-a78c-4dcc-a3bf-10730315c70a,2026-04-30 01:24:12.192,marcadores permanentes,MX,MX,es,"['google_trends', 'youtube', 'aliexpress']",MX,MXN,ES,14.644,93.33,Office & School Supplies,31,26.83870967741936,100,0,37.524300370287655,2026-03-30,0,2026-04-29,70,3.0004032258064512,,,,,4,2,3,18,70,2.1875,0.6966696194207604,0.0,0.0,1.0,2.0902897734314023,0.06392227051904883,5.965865507542828,1.347918089778583,93.01249999999999,5.0513029030314374e-17,0.0,0.0,0.0,0,0.0,46.709079859212466,0.0
69f2b052522f6bea750209d8,d4ae4b61-1008-44d6-971f-a8a0acdf4479,2026-04-30 01:27:59.800,pizarra blanca,MX,MX,es,"['google_trends', 'youtube', 'aliexpress']",MX,MXN,ES,19.226000000000003,92.43,Office & School Supplies,31,17.93548387096774,100,0,34.5976256255358,2026-03-30,0,2026-04-29,0,1.357258064516129,,,,,4,2,3,18,0,0.0,0.5038393307361995,0.0,0.0,1.0,0.6838399948621159,0.049441313161277554,4.569860575496885,1.8271318473451617,42.074999999999996,9.428489111824504e-16,0.0,0.0,0.0,0,0.0,33.40187376658039,0.0
69f2b224522f6bea75020a06,4ccfbcec-aea6-4f18-af02-28b30f1443c0,2026-04-30 01:35:44.056,reloj de pared,MX,MX,es,"['google_trends', 'youtube', 'aliexpress']",MX,MXN,ES,25.711,92.54,Tools,31,37.70967741935484,100,0,31.573399720215008,2026-03-30,0,2026-04-29,44,1.547983870967742,,,,,4,2,3,18,44,1.375,1.157683193748802,0.0,0.0,1.0,1.7920749116135688,0.03743775972445809,3.464490284901352,0.8156461594388876,47.987500000000004,1.940201011148271e-14,0.0,0.0,0.0,0,0.0,37.170483905523504,0.0
69f2b32c522f6bea75020a34,792784e3-3799-426e-9848-7f1a179ac80b,2026-04-30 01:39:41.752,cuadro decorativo,MX,MX,es,"['google_trends', 'youtube', 'aliexpress']",MX,MXN,ES,36.87166666666666,50.0,Home & Garden,31,15.838709677419354,100,0,21.142527086725067,2026-03-30,0,2026-04-29,22,1.2717741935483873,,,,,4,2,3,18,22,0.6875,0.7153072282754487,0.0,0.0,1.0,0.9097092733793409,0.026404964133257054,1.3202482066628527,1.2555906890583854,39.425000000000004,6.575323926350589e-10,0.0,0.0,0.0,0,0.0,21.5712269288643,0.0
69f2b4b5522f6bea75020a5e,485f6720-c517-44fd-86be-be2d67cc9190,2026-04-30 01:44:05.725,espejo decorativo,MX,MX,es,"['google_trends', 'youtube', 'aliexpress']",MX,MXN,ES,159.365,61.23,Home & Garden,31,30.774193548387096,100,0,37.91983621397413,2026-03-30,0,2026-04-29,0,2.9270161290322583,,,,,4,2,3,18,0,0.0,0.7907071699684505,0.0,0.0,1.0,2.3144126398391056,0.006235774639104542,0.3818164811523711,1.1934161651098456,90.73750000000001,3.4011389707587184e-17,0.0,0.0,0.0,0,0.0,43.79161426367948,0.0
69f2b5a5522f6bea75020a8c,29cb1e94-0779-420b-a2b8-4922b1397542,2026-04-30 01:50:39.290,velas aromaticas,MX,MX,es,"['google_trends', 'youtube', 'aliexpress']",MX,MXN,ES,100.204,81.95,Home & Garden,31,42.0,100,0,31.411250638372653,2026-03-30,81,2026-04-29,49,0.5951612903225807,,,,,4,2,3,18,-32,-1.0,1.2958463241240974,0.0,0.0,1.0,0.7712375703254709,0.009881032370262046,0.8097506027429746,0.7304942008923873,18.450000000000003,2.2817453706286037e-14,0.0,0.0,0.0,0,0.0,30.990109262337956,0.0
69f2b694522f6bea75020aba,f9533ca2-03a7-418d-8bff-b1e775da7528,2026-04-30 01:54:39.034,portavelas,MX,MX,es,"['google_trends', 'youtube', 'aliexpress']",MX,MXN,ES,26.768,94.17,Home & Garden,31,33.806451612903224,100,0,38.81444692794914,2026-03-30,0,2026-04-29,57,3.466129032258064,,,,,4,2,3,18,57,1.78125,0.8491001187102163,0.0,0.0,1.0,2.943090572755249,0.036012676462114666,3.391313742437338,1.1151509312015047,107.44999999999997,1.390272335746984e-17,0.0,0.0,0.0,0,0.0,51.66203902959555,0.0
69f2b94f522f6bea75020ae8,30a4bebb-ad1a-4764-a36a-b11e417f2a5b,2026-04-30 02:02:16.141,plantas artificiales,MX,MX,es,"['google_trends', 'youtube', 'aliexpress']",MX,MXN,ES,14.147,92.14,Home & Garden,31,21.32258064516129,100,0,24.95247094881813,2026-03-30,0,2026-04-29,24,0.8008064516129032,,,,,4,2,3,18,24,0.75,0.8216011757497916,0.0,0.0,1.0,0.6579435221931799,0.06601967386281112,6.083052749719417,1.1178130049326043,24.825,1.4563962669562696e-11,0.0,0.0,0.0,0,0.0,26.313816330024565,0.0
69f2ba54522f6bea75020b16,723aa907-f5cc-4831-a5d3-1f6a877136bd,2026-04-30 02:10:17.261,maceta ceramica,MX,MX,es,"['google_trends', 'youtube', 'aliexpress']",MX,MXN,ES,245.545,19.6,Home & Garden,31,33.25806451612903,100,0,38.59617229893441,2026-03-30,0,2026-04-29,81,3.611290322580645,,,,,4,2,3,18,81,2.53125,0.8399313010622507,0.0,0.0,1.0,3.033235779158676,0.0040560546756170275,0.07949867164209375,1.1266302648464848,111.95,1.7293995752942963e-17,0.0,0.0,0.0,0,0.0,44.138129709602694,0.0
69f2bb37522f6bea75020b44,e6774b75-7023-4c9b-a87f-d61b35b010ad,2026-04-30 02:14:37.865,regadera jardin,MX,MX,es,"['google_trends', 'youtube', 'aliexpress']",MX,MXN,ES,25.281,93.67,Lights & Lighting,31,25.161290322580644,100,0,33.27070460549696,2026-03-30,0,2026-04-29,58,2.8987903225806457,,,,,4,2,3,18,58,1.8125,0.7341923842016607,0.0,0.0,1.0,2.1282697782361852,0.038050302499904876,3.5641718351660896,1.2717531970041995,89.86250000000001,3.55399310411391e-15,0.0,0.0,0.0,0,0.0,43.93337384733715,0.0
69f2bc19522f6bea75020b72,702d09a0-352b-4c9a-a7a5-0d665474d6d2,2026-04-30 02:18:24.943,herramientas jardin,MX,MX,es,"['google_trends', 'youtube', 'aliexpress']",MX,MXN,ES,100.446,94.25,Home & Garden,31,6.161290322580645,100,0,23.8776000667202,2026-03-30,0,2026-04-29,0,0.7443548387096776,,,,,4,2,3,18,0,0.0,0.2476641760481896,0.0,0.0,1.0,0.18435002781651535,0.009857461112315911,0.9290657098357747,3.334259468776244,23.075000000000003,4.266679782236019e-11,0.0,0.0,0.0,0,0.0,22.956768995446627,0.0
69f2bde0522f6bea75020ba0,8907fc6c-9412-4cf4-af40-45cd181f98e1,2026-04-30 02:25:48.428,tijeras podar,MX,MX,es,"['google_trends', 'youtube', 'aliexpress']",MX,MXN,ES,552.929,0.0,Tools,31,37.903225806451616,100,0,43.12103495875277,2026-03-30,0,2026-04-29,85,3.980241935483871,,,,,4,2,3,18,85,2.65625,0.8590738146076136,0.0,0.0,1.0,3.41932162257732,0.001805285514930614,0.0,1.1084179798684377,123.3875,1.8740124140127951e-19,0.0,0.0,0.0,0,0.0,47.78454174222477,0.0
69f2bfa5522f6bea75020bce,be1d6aac-0d89-4b75-be6b-4b6348c23238,2026-04-30 02:33:30.565,manguera jardin,MX,MX,es,"['google_trends', 'youtube', 'aliexpress']",MX,MXN,ES,21.209,93.74,Lights & Lighting,31,15.903225806451612,100,0,21.17601605387516,2026-03-30,0,2026-04-29,28,0.8596774193548387,,,,,4,2,3,18,28,0.875,0.7171362866898987,0.0,0.0,1.0,0.6165058722672838,0.045026790940609664,4.22081138277275,1.252779575706355,26.65,6.358769450876637e-10,0.0,0.0,0.0,0,0.0,24.14317617875997,0.0
69f2c08c522f6bea75020bfc,bb79d577-6cab-44fd-a185-8d71f4458685,2026-04-30 02:37:19.305,aspersor agua,MX,MX,es,"['google_trends', 'youtube', 'aliexpress']",MX,MXN,ES,126.56,0.0,Home & Garden,31,30.83870967741936,100,0,36.16268497977212,2026-03-30,0,2026-04-29,76,3.4475806451612905,,,,,4,2,3,18,76,2.375,0.829829967727172,0.0,0.0,1.0,2.8609057355110163,0.00783944810285356,0.0,1.1358087480982124,106.875,1.971267049094642e-16,0.0,0.0,0.0,0,0.0,38.983896325441734,0.0
69f2c2a8522f6bea75020c21,0c6f9f26-a3fa-4986-9bd1-c4a5e5712000,2026-04-30 02:46:13.482,parrilla carbon,MX,MX,es,"['google_trends', 'youtube', 'aliexpress']",MX,MXN,ES,25.897,93.22,"Automobiles, Parts & Accessories",31,9.451612903225806,100,0,18.2644257317833,2026-03-30,0,2026-04-29,9,0.2991935483870969,,,,,4,2,3,18,9,0.28125,0.4906252091196322,0.0,0.0,1.0,0.1467918972446642,0.037178867531694984,3.4658140313046064,1.747522215078032,9.275000000000004,1.1691243060034976e-08,0.0,0.0,0.0,0,0.0,18.066754892134053,0.0
69f2c393522f6bea75020c4f,a5ab7a57-7294-4992-957a-e24f873a1a51,2026-04-30 02:50:10.016,nevera portatil,MX,MX,es,"['google_trends', 'youtube', 'aliexpress']",MX,MXN,ES,49.697,94.13,Home & Garden,31,6.32258064516129,100,0,24.47908916711594,2026-03-30,0,2026-04-29,0,0.6,,,,,4,2,3,18,0,0.0,0.24814782835021426,0.0,0.0,1.0,0.14888869701012855,0.01972503303943034,1.8567173600015778,3.3429593135708995,18.599999999999998,2.3381192241329444e-11,0.0,0.0,0.0,0,0.0,22.22474611492932,0.0
69f2c47e522f6bea75020c7d,3fdc93b2-4ac5-4365-b01f-3b5362be3fb7,2026-04-30 02:54:04.603,utensilios cocina,MX,MX,es,"['google_trends', 'youtube', 'aliexpress']",MX,MXN,ES,21.174,90.6,Home & Garden,31,47.483870967741936,100,0,39.18407071565513,2026-03-30,0,2026-04-29,76,2.5056451612903228,,,,,4,2,3,18,76,2.375,1.1816590535025837,0.0,0.0,1.0,2.9608182897036515,0.04509786236132408,4.0858663299359606,0.8081877526183028,77.67500000000001,9.606701791916916e-18,0.0,0.0,0.0,0,0.0,48.14954694862799,0.0
69f2c561522f6bea75020cab,fa32d7ad-8139-4bc8-bf4a-46230c6f0f26,2026-04-30 02:57:59.607,delantal cocina,MX,MX,es,"['google_trends', 'youtube', 'aliexpress']",MX,MXN,ES,19.381,94.31,Home & Garden,31,18.096774193548388,100,0,32.157274800278785,2026-03-30,0,2026-04-29,0,1.975403225806452,,,,,4,2,3,18,0,0.0,0.545785933933154,0.0,0.0,1.0,1.0781472944913395,0.049065305922182424,4.627349001521025,1.6839113493389228,61.23750000000001,1.082113963554362e-14,0.0,0.0,0.0,0,0.0,36.39775783435167,0.0
69f2c730522f6bea75020cd9,91127b2b-0272-477d-ae8b-59d2aec22957,2026-04-30 03:01:46.732,reloj despertador,MX,MX,es,"['google_trends', 'youtube', 'aliexpress']",MX,MXN,ES,24.785,79.77000000000001,Home & Garden,31,16.06451612903226,100,0,21.411734296674755,2026-03-30,0,2026-04-29,32,0.8774193548387097,,,,,4,2,3,18,32,1.0,0.7167904061496821,0.0,0.0,1.0,0.6289257757184308,0.03878223773511732,3.0936591041303085,1.254751915306082,27.2,5.02344841567882e-10,0.0,0.0,0.0,0,0.0,22.75887852206599,0.0
69f2c81c522f6bea75020d07,d6027cf5-7956-49d4-a804-45252fb41028,2026-04-30 03:09:30.317,lampara nocturna,MX,MX,es,"['google_trends', 'youtube', 'aliexpress']",MX,MXN,ES,88.867,95.69,Lights & Lighting,31,3.225806451612903,100,0,17.960530202677486,2026-03-30,0,2026-04-29,0,-0.0403225806451612,,,,,4,2,3,18,0,0.0,0.17013271343843409,0.0,0.0,1.0,-0.006860190058001359,0.01112755516485473,1.064795753724949,4.250201803687039,-1.2499999999999971,1.5843124714622647e-08,0.0,0.0,0.0,0,0.0,15.047534005672821,0.0
69f2c901522f6bea75020d35,d996d422-a2bc-41a0-a6b2-6293441fd3f6,2026-04-30 03:13:25.935,cortinas tela,MX,MX,es,"['google_trends', 'youtube', 'aliexpress']",MX,MXN,ES,11.339,82.53,Home & Garden,31,15.258064516129032,100,0,21.660975265725355,2026-03-30,0,2026-04-29,17,0.905241935483871,,,,,4,2,3,18,17,0.53125,0.6733189696035192,0.0,0.0,1.0,0.6095165672418954,0.08104384471999351,6.688548504741065,1.3323218913442183,28.0625,3.9152362177596934e-10,0.0,0.0,0.0,0,0.0,23.173397749002827,0.0
69f2c9f0522f6bea75020d63,a32e34a0-63ef-43d3-a15c-9ebe71909836,2026-04-30 03:17:15.330,alfombra sala,MX,MX,es,"['google_trends', 'youtube', 'aliexpress']",MX,MXN,ES,93.589,21.33,Home & Garden,31,33.54838709677419,100,0,38.83541228456095,2026-03-30,0,2026-04-29,53,3.5193548387096767,,,,,4,2,3,18,53,1.65625,0.8421749687721086,0.0,0.0,1.0,2.963912551388291,0.010572053832898116,0.2255019082557168,1.124087563792147,109.09999999999998,1.361428200748417e-17,0.0,0.0,0.0,0,0.0,43.56693915759469,0.0
69f2cb74522f6bea75020d91,99f65a84-478f-4613-ac35-9dce8338735b,2026-04-30 03:21:14.064,cojines decorativos,MX,MX,es,"['google_trends', 'youtube', 'aliexpress']",MX,MXN,ES,96.723,78.92999999999999,Home & Garden,31,28.93548387096774,100,0,34.09099146291775,2026-03-30,0,2026-04-29,54,3.043548387096775,,,,,4,2,3,18,54,1.6875,0.8245843923089259,0.0,0.0,1.0,2.509662497237006,0.010233005536055995,0.8076911269608996,1.1388154475759162,94.35000000000002,1.564842111986235e-15,0.0,0.0,0.0,0,0.0,44.37993209984973,0.0
69f2cc60522f6bea75020dbf,28b37e44-1316-4bd0-8b1b-782c4a5f4e2c,2026-04-30 03:27:42.080,fundas cojin,MX,MX,es,"['google_trends', 'youtube', 'aliexpress']",MX,MXN,ES,33.009,94.44,Home & Garden,31,11.612903225806452,100,0,28.343932236435645,2026-03-30,0,2026-04-29,44,0.8633064516129032,,,,,4,2,3,18,44,1.375,0.395751432774473,0.0,0.0,1.0,0.3416547651492527,0.029403981299067895,2.7769119938839717,2.247217133835051,26.7625,4.902150431849967e-13,0.0,0.0,0.0,0,0.0,26.60233292234036,0.0
69f2cd4e522f6bea75020ded,7d9f4500-59a4-480c-9ee1-a6b3a756a71e,2026-04-30 03:31:37.439,ropa de cama,MX,MX,es,"['google_trends', 'youtube', 'aliexpress']",MX,MXN,ES,78.22857142857143,56.1,Home & Garden,31,26.225806451612904,100,0,29.021497408437718,2026-03-30,0,2026-04-29,44,2.312903225806452,,,,,4,2,3,18,44,1.375,0.8735675670941713,0.0,0.0,1.0,2.020477243892003,0.012621709340064912,0.7080778939776415,1.0659554735326648,71.70000000000002,2.489567001773018e-13,0.0,0.0,0.0,0,0.0,34.36057797970435,0.0
69f2ce36522f6bea75020e18,1004f96b-e14d-4c09-94c1-6976bd5a8325,2026-04-30 03:35:35.677,edredon,MX,MX,es,"['google_trends', 'youtube', 'aliexpress']",MX,MXN,ES,40.292,93.47,Home & Garden,31,66.64516129032258,100,39,11.833704370981431,2026-03-30,83,2026-04-29,59,-0.6326612903225807,,,,,4,2,3,18,-24,-0.75,5.19297931164874,0.0,0.0,1.0,-3.2853969919261585,0.024217766153250022,2.2636346023442795,0.1749379282310083,-19.6125,7.255836554418453e-06,0.0,0.0,0.0,0,0.0,20.798279717981124,0.0
69f2cf3e522f6bea75020e46,478084fe-f2d2-4e03-8a6c-cbee0053b7a8,2026-04-30 03:39:27.648,mantas,MX,MX,es,"['google_trends', 'youtube', 'aliexpress']",MX,MXN,ES,43.461,92.16,Home & Garden,31,35.87096774193548,100,0,34.31592626899243,2026-03-30,0,2026-04-29,56,2.564112903225806,,,,,4,2,3,18,56,1.75,1.0157164636916343,0.0,0.0,1.0,2.604411690570605,0.022491621870853108,2.0728278716178226,0.9307031621511508,79.48749999999998,1.2496332720613365e-15,0.0,0.0,0.0,0,0.0,44.304474758947464,0.0
69f2d02a522f6bea75020e74,cee6cc5f-56c2-47e7-9360-bc6afb2d4dc9,2026-04-30 03:43:51.905,organizadores ropa,MX,MX,es,"['google_trends', 'youtube', 'aliexpress']",MX,MXN,ES,2846.011,9.57,Furniture,31,4.483870967741935,100,0,17.888303380965517,2026-03-30,0,2026-04-29,0,-0.2862903225806451,,,,,4,2,3,18,0,0.0,0.23738876262759032,0.0,0.0,1.0,-0.06796210542967301,0.000351245569476198,0.003361420099887215,3.2619847341760653,-8.874999999999996,1.7029760922724404e-08,0.0,0.0,0.0,0,0.0,10.328585520308566,0.0
69f2d1f2522f6bea75020ea2,f696c3ee-16f9-469b-add6-3fd16f1a1b46,2026-04-30 03:51:29.246,zapatero,MX,MX,es,"['google_trends', 'youtube', 'aliexpress']",MX,MXN,ES,14.776,94.91,Shoes,31,68.96774193548387,100,44,13.8888057345181,2026-03-30,88,2026-04-29,53,-0.6725806451612903,,,,,4,2,3,18,-35,-1.09375,4.632187642531298,0.0,0.0,1.0,-3.1155197531218572,0.06338742393509128,6.016100405679513,0.19850298652377182,-20.85,9.293264741500556e-07,0.0,0.0,0.0,0,0.0,22.02572025662981,0.0
69f2d2ad522f6bea75020ed0,77b3c65a-9df7-4cda-bd96-c98d7b5b5b48,2026-04-30 03:55:23.711,caja organizadora,MX,MX,es,"['google_trends', 'youtube', 'aliexpress']",MX,MXN,ES,43.476,93.6,Home & Garden,31,24.193548387096776,100,0,26.125873962847265,2026-03-30,0,2026-04-29,50,1.774596774193548,,,,,4,2,3,18,50,1.5625,0.8918993142942887,0.0,0.0,1.0,1.5827616460520821,0.022484036334202716,2.104505800881374,1.037006520932478,55.01249999999999,4.504816479142682e-12,0.0,0.0,0.0,0,0.0,33.66409790376073,0.0
69f2d393522f6bea75020efe,1023bff0-1549-428c-a4bb-64353e4232c2,2026-04-30 03:58:30.608,estanteria metalica,MX,MX,es,"['google_trends', 'youtube', 'aliexpress']",MX,MXN,ES,24.784,91.97,Home & Garden,31,4.32258064516129,100,0,17.889265117707126,2026-03-30,0,2026-04-29,0,-0.2995967741935483,,,,,4,2,3,18,0,0.0,0.22883794675046557,0.0,0.0,1.0,-0.06855911065951446,0.038783741855414215,3.566940738442445,3.3610134463570964,-9.287499999999998,1.7013390649152786e-08,0.0,0.0,0.0,0,0.0,13.036850368806478,0.0
69f2d4d0522f6bea75020f2c,f05b66ad-dfab-40f8-a0ce-c3468d2372e8,2026-04-30 04:02:20.549,carrito organizador,MX,MX,es,"['google_trends', 'youtube', 'aliexpress']",MX,MXN,ES,41.834,93.09,Home & Garden,31,13.193548387096774,100,0,19.69334803910313,2026-03-30,100,2026-04-29,15,0.4326612903225804,,,,,4,2,3,18,-85,-2.65625,0.6375743723135386,0.0,0.0,1.0,0.2758537506017849,0.023345940141009477,2.1732735677265724,1.3874858845731752,13.412499999999993,2.8008355905097645e-09,0.0,0.0,0.0,0,0.0,20.285679718413085,0.0
69f2d5b6522f6bea75020f5a,008430fa-8c2c-48c5-95a0-343f891cc046,2026-04-30 04:07:37.703,dispensador agua,MX,MX,es,"['google_trends', 'youtube', 'aliexpress']",MX,MXN,ES,736.5719999999999,48.82,Home & Garden,31,80.70967741935483,100,62,10.611922692227196,2026-03-30,74,2026-04-29,100,0.2116935483870967,,,,,4,2,3,18,26,0.8125,6.950586871662552,0.0,0.0,1.0,1.4713943982350155,0.001355799840557939,0.06619014821603858,0.12987351103791675,6.562499999999997,2.4620707711598097e-05,0.0,0.0,0.0,0,0.0,24.703964118921615,0.0
69f2d6a9522f6bea75020f88,994640f2-1c08-44d1-9ccd-2e7cb7e96a4f,2026-04-30 04:11:28.245,purificador aire,MX,MX,es,"['google_trends', 'youtube', 'aliexpress']",MX,MXN,ES,1338.385,19.5,Home Appliances,31,47.61290322580645,100,0,39.84442865224266,2026-03-30,0,2026-04-29,92,2.069758064516129,,,,,4,2,3,18,92,2.875,1.1657135329567683,0.0,0.0,1.0,2.41274498575286,0.0007466113178809677,0.014558920698678871,0.8196266013400947,64.16250000000001,4.9634597193880575e-18,0.0,0.0,0.0,0,0.0,40.626268993742976,0.0
69f2d797522f6bea75020fb6,f32e5f99-2392-4752-addd-cec1c2bfc320,2026-04-30 04:15:31.184,cafetera italiana,MX,MX,es,"['google_trends', 'youtube', 'aliexpress']",MX,MXN,ES,110.02,94.43,Home & Garden,31,40.41935483870968,100,0,45.62073665454369,2026-03-30,0,2026-04-29,77,4.163709677419355,,,,,4,2,3,18,77,2.40625,0.8669823288768299,0.0,0.0,1.0,3.609862712896027,0.009007386056566384,0.8505674653215638,1.101435230756117,129.07500000000002,1.5387420090160958e-20,0.0,0.0,0.0,0,0.0,60.524427237214184,0.0
69f2d87b522f6bea75020fe4,32bb5021-dd4c-4dd0-855e-34ebd19bd7f4,2026-04-30 04:19:29.056,tetera acero,MX,MX,es,"['google_trends', 'youtube', 'aliexpress']",MX,MXN,ES,25.7975,94.0875,Home & Garden,31,12.903225806451612,100,0,30.55961914979709,2026-03-30,0,2026-04-29,0,1.3125,,,,,4,2,3,18,0,0.0,0.408852392838035,0.0,0.0,1.0,0.5366187655999209,0.037316913891221194,3.5110551357402744,2.1980236511454985,40.6875,5.347195148490914e-14,0.0,0.0,0.0,0,0.0,30.556456901126516,0.0
69f2d961522f6bea75021010,18b3957d-cd55-4625-b678-c119724cec1c,2026-04-30 04:23:16.781,molinillo cafe,MX,MX,es,"['google_trends', 'youtube', 'aliexpress']",MX,MXN,ES,63.59400000000001,94.75,Home & Garden,31,18.64516129032258,100,0,35.5814074923939,2026-03-30,0,2026-04-29,0,1.8318548387096771,,,,,4,2,3,18,0,0.0,0.5096895545694716,0.0,0.0,1.0,0.9336772767778666,0.015481314053936896,1.466854506610521,1.8112046506801494,56.787499999999994,3.5252593058813157e-16,0.0,0.0,0.0,0,0.0,37.292147197041686,0.0
69f2da49522f6bea7502103e,10756748-6e87-4363-b7c8-0b4195027001,2026-04-30 04:27:06.515,espumador leche,MX,MX,es,"['google_trends', 'youtube', 'aliexpress']",MX,MXN,ES,839.604,0.0,Home Appliances,31,37.74193548387097,100,0,43.44879571935643,2026-03-30,0,2026-04-29,39,3.8362903225806457,,,,,4,2,3,18,39,1.21875,0.8491104173478252,0.0,0.0,1.0,3.257434076873875,0.0011896207964749155,0.0,1.12149264554542,118.92500000000001,1.3502922459860543e-19,0.0,0.0,0.0,0,0.0,47.70295918347195,0.0
69f2db38522f6bea7502106c,01b4c4ec-7e0b-4325-9ac5-eb0c35df5d78,2026-04-30 04:30:59.242,vajilla porcelana,MX,MX,es,"['google_trends', 'youtube', 'aliexpress']",MX,MXN,ES,22.017000000000003,92.22,Home & Garden,31,29.516129032258064,100,0,34.41401939882634,2026-03-30,0,2026-04-29,61,3.2491935483870966,,,,,4,2,3,18,61,1.90625,0.8334588824796392,0.0,0.0,1.0,2.708069223798763,0.04344614849893556,4.006603814571838,1.127732136748009,100.725,1.1328731270097222e-15,0.0,0.0,0.0,0,0.0,47.28700271114598,0.0
69f2dc28522f6bea7502109a,06d6cc79-31a5-4f3d-a1a1-855bc7df6b8e,2026-04-30 04:34:58.200,vasos vidrio,MX,MX,es,"['google_trends', 'youtube', 'aliexpress']",MX,MXN,ES,30.514,94.6,Home & Garden,31,75.29032258064517,100,0,26.63856045708564,2026-03-30,79,2026-04-29,77,0.2407258064516128,,,,,4,2,3,18,-2,-0.0625,2.7241043431892327,0.0,0.0,1.0,0.655762214872569,0.03173192866662436,3.0018404518626642,0.3491735197334692,7.462499999999997,2.697864836438522e-12,0.0,0.0,0.0,0,0.0,34.56442222995577,0.0
69f2dd0c522f6bea750210c8,87f4b7ce-7875-46bc-9f6e-7284dc48b7d3,2026-04-30 04:38:58.262,copas vino,MX,MX,es,"['google_trends', 'youtube', 'aliexpress']",MX,MXN,ES,598.113,17.86,Home & Garden,31,35.87096774193548,100,0,40.59206978009693,2026-03-30,0,2026-04-29,75,3.8173387096774185,,,,,4,2,3,18,75,2.34375,0.862447286985002,0.0,0.0,1.0,3.2922534136641177,0.0016691342033973557,0.02981073687267677,1.1009222775004417,118.33749999999998,2.3501094318014543e-18,0.0,0.0,0.0,0,0.0,47.462038647637684,0.0
69f2ddf8522f6bea750210f6,058e96e7-b935-41cd-b765-22a951c53a61,2026-04-30 04:42:45.714,cubiertos acero,MX,MX,es,"['google_trends', 'youtube', 'aliexpress']",MX,MXN,ES,25.804,94.66,Home & Garden,31,29.83870967741936,100,0,37.21388340766883,2026-03-30,0,2026-04-29,0,3.0971774193548383,,,,,4,2,3,18,0,0.0,0.7808342679831193,0.0,0.0,1.0,2.4183822630557814,0.03730786449783614,3.5315624533651695,1.2067263448093448,96.01249999999999,6.88994548794381e-17,0.0,0.0,0.0,0,0.0,47.94480452267339,0.0
69f2dee0522f6bea75021124,ba54e681-6b37-4c0c-b046-d668dd664303,2026-04-30 04:46:42.057,abridor botellas,MX,MX,es,"['google_trends', 'youtube', 'aliexpress']",MX,MXN,ES,12.925,93.1,Home & Garden,31,3.225806451612903,100,0,17.960530202677486,2026-03-30,0,2026-04-29,0,0.0806451612903225,,,,,4,2,3,18,0,0.0,0.17013271343843409,0.0,0.0,1.0,0.013720380116002734,0.0718132854578097,6.6858168761220815,4.250201803687039,2.4999999999999973,1.5843124714622647e-08,0.0,0.0,0.0,0,0.0,15.307615021202473,0.0
69f2dfc2522f6bea75021152,078b58f6-8636-4cba-ba82-9e672a731257,2026-04-30 04:50:34.222,sacacorchos,MX,MX,es,"['google_trends', 'youtube', 'aliexpress']",MX,MXN,ES,16.345,93.58,Home & Garden,31,30.032258064516128,100,0,35.73465532781657,2026-03-30,0,2026-04-29,70,3.1116935483870973,,,,,4,2,3,18,70,2.1875,0.8175456608075158,0.0,0.0,1.0,2.5439515582466132,0.057653502450273855,5.3952147592966275,1.1515325521437771,96.46250000000002,3.0243801460471433e-16,0.0,0.0,0.0,0,0.0,47.26853467004129,0.0
