_id,request_id,generated_at,keyword,country,region,language,sources_used,aliexpress_query.ship_to_country,aliexpress_query.target_currency,aliexpress_query.target_language,ali_avg_sale_price,ali_avg_evaluate_rate,category_name,trends_count,trends_mean,trends_max,trends_min,trends_std,trends_first_date,trends_first_value,trends_last_date,trends_last_value,trends_slope,yt_total_views,yt_total_likes,yt_total_comments,yt_videos_count,engagement,cluster
69e90a6c9b0c1ad1c0b23ec8,27cf083f-16a0-4505-8f45-bd5f3de67e27,2026-04-22 17:50:34.577,patin electrico,MX,MX,es,"['google_trends', 'youtube', 'aliexpress']",MX,MXN,ES,49.776,94.52,Sports & Entertainment,91,57.86813186813187,100,0,15.507853774572702,2026-01-22,71,2026-04-22,40,-0.1202261506609332,3437.0,88.0,3.0,4.0,0.026476578411405296,3
69e90d837edc34d5f95f1b0d,dbd25196-e9f4-4a52-b47d-f781784ed2ca,2026-04-22 18:03:43.227,Mochila impermeable,MX,MX,es,"['google_trends', 'youtube', 'aliexpress']",MX,MXN,ES,171.33800000000002,84.62,Luggage & Bags,31,14.225806451612904,100,0,19.887533243080284,2026-03-23,0,2026-04-22,27,1.038709677419355,3041.0,56.0,57.0,33.0,0.03715882933245643,3
69e9a90b07f4eccd1fde79c3,8ab91d8d-85c7-4202-ad72-14f1d7c8e33a,2026-04-23 05:06:27.704,arduino,MX,MX,es,"['google_trends', 'youtube', 'aliexpress']",MX,MXN,ES,25.885,97.79,Electronic Components & Supplies,91,55.43956043956044,100,26,15.069622712381651,2026-01-22,43,2026-04-22,69,0.067287784679089,4777.0,192.0,24.0,4.0,0.04521666317772661,0
69e9aacb07f4eccd1fde7a31,a73a5da0-327e-450b-9f09-de37c8822bb7,2026-04-23 05:14:02.683,microfonos,MX,MX,es,"['google_trends', 'youtube', 'aliexpress']",MX,MXN,ES,108.609,90.75,Consumer Electronics,91,62.12087912087912,100,34,11.641721106849726,2026-01-22,67,2026-04-22,66,0.0812071985985029,7662.0,146.0,11.0,7.0,0.020490733489950404,3
69e9ab3407f4eccd1fde7aa2,894e3e45-5436-48ae-9b27-47a7a1e4f202,2026-04-23 05:15:17.253,teclados,MX,MX,es,"['google_trends', 'youtube', 'aliexpress']",MX,MXN,ES,249.195,90.06,Computer & Office,91,60.43956043956044,100,30,13.52627795663667,2026-01-22,64,2026-04-22,49,-0.2422200987418378,1069.0,8.0,0.0,1.0,0.007483629560336763,3
69e9ac1807f4eccd1fde7b7d,e69ceca8-d73d-44fc-affa-52f4dd9eeda5,2026-04-23 05:19:35.201,tenis puma,MX,MX,es,"['google_trends', 'youtube', 'aliexpress']",MX,MXN,ES,492.369,4.67,"Sports Shoes,Clothing&Accessories",91,71.5934065934066,100,52,10.481706839354857,2026-01-22,71,2026-04-22,61,-0.0697722567287784,24069.0,968.0,43.0,6.0,0.0420042378162782,2
69e9acfb07f4eccd1fde7bed,0ce67ce1-5887-461e-b426-7bab87cb692e,2026-04-23 05:23:12.020,laptop hp,MX,MX,es,"['google_trends', 'youtube', 'aliexpress']",MX,MXN,ES,51.21,97.91,Computer & Office,91,43.05494505494506,100,28,11.477865304201469,2026-01-22,94,2026-04-22,37,-0.1116260551043159,5088.0,179.0,15.0,6.0,0.03812893081761006,3
69e9adf707f4eccd1fde7c5d,e9e3ae2d-a760-452e-b558-b4133c74ce68,2026-04-23 05:27:28.665,chamarras,MX,MX,es,"['google_trends', 'youtube', 'aliexpress']",MX,MXN,ES,40.668,92.1,Home & Garden,91,48.08791208791209,100,27,18.06079138886737,2026-01-22,67,2026-04-22,32,-0.4920688007644529,130029.0,2344.0,82.0,47.0,0.018657376431411455,0
69e9ae6a07f4eccd1fde7cf6,2047c5e3-1dcd-4412-af1e-dd697b92d9d7,2026-04-23 05:29:23.533,pantallas,MX,MX,es,"['google_trends', 'youtube', 'aliexpress']",MX,MXN,ES,16.112000000000002,92.4,Phones & Telecommunications Accessories,91,82.81318681318682,100,66,6.686490672180548,2026-01-22,94,2026-04-22,83,-0.0123268036311514,57414.0,449.0,13.0,48.0,0.008046817849305048,3
69e9aebe07f4eccd1fde7d90,940d8d50-468f-47bd-97e1-5ce6e72986dd,2026-04-23 05:30:49.119,usb,MX,MX,es,"['google_trends', 'youtube', 'aliexpress']",MX,MXN,ES,23.381,97.51,Lights & Lighting,91,83.82417582417582,100,68,6.932361160357361,2026-01-22,92,2026-04-22,83,0.0262780697563306,638.0,74.0,11.0,2.0,0.13322884012539185,0
69e9b125bd579ee50665257e,3201aaa2-b2d8-4f0a-bebf-663d096f655a,2026-04-23 05:41:06.739,jaulas,MX,MX,es,"['google_trends', 'youtube', 'aliexpress']",MX,MXN,ES,39.81888888888889,94.4,Home & Garden,91,55.24175824175824,100,0,15.172592731882386,2026-01-22,64,2026-04-22,52,0.0388119127249561,4615790.0,73765.0,548.0,46.0,0.016099735906529543,0
69e9b1a6bd579ee506652615,d834dcfb-91c2-4fe5-b192-886943ea7685,2026-04-23 05:43:12.932,iphone,MX,MX,es,"['google_trends', 'youtube', 'aliexpress']",MX,MXN,ES,16.615000000000002,97.38,Phones & Telecommunications Accessories,91,65.2967032967033,100,54,8.561534786466613,2026-01-22,71,2026-04-22,54,-0.1431438127090301,697887.0,24479.0,582.0,10.0,0.035909824943006534,0
69e9b1fabd579ee506652689,baeef428-b1b9-4d1b-b743-e2df94b0ce33,2026-04-23 05:44:43.095,destornillador electrico,MX,MX,es,"['google_trends', 'youtube', 'aliexpress']",MX,MXN,ES,33.944,95.97,Tools,91,3.989010989010989,100,0,12.324766849716786,2026-01-22,0,2026-04-22,20,0.1409300844083452,541032.0,19235.0,569.0,39.0,0.03660411953451922,0
69e9b2a2bd579ee50665271a,20acd268-bcd6-447b-a44e-a1abdd378ea5,2026-04-23 05:47:22.037,teclado dareu,MX,MX,es,"['google_trends', 'youtube', 'aliexpress']",MX,MXN,ES,440.086,39.33,Computer & Office,91,1.098901098901099,100,0,10.482848367219182,2026-01-22,0,2026-04-22,0,0.0445930880713489,,,,,0.0,2
69e9b2e9bd579ee506652784,5aaf0dbd-6d67-4e5a-aa2a-f309f4261b63,2026-04-23 05:48:42.766,anillo remoto,MX,MX,es,"['google_trends', 'youtube', 'aliexpress']",MX,MXN,ES,127.77285714285712,90.85714285714286,Consumer Electronics,91,1.098901098901099,100,0,10.482848367219182,2026-01-22,0,2026-04-22,0,0.020703933747412,2717.0,47.0,24.0,12.0,0.026131762973868235,3
69e9b3c7bd579ee5066527f7,2bcd16dd-736b-483e-b2f5-aad2cbad2ff8,2026-04-23 05:52:28.568,aspiradora portatil,MX,MX,es,"['google_trends', 'youtube', 'aliexpress']",MX,MXN,ES,120.219,91.78,Home Appliances,91,2.5494505494505493,100,0,10.961816289348056,2026-01-22,0,2026-04-22,5,0.0665551839464883,173826.0,4265.0,87.0,12.0,0.02503653078365722,0
69e9b425bd579ee50665286d,e8f6a95f-c390-480f-9fdd-35a3fe5954b9,2026-04-23 05:54:02.187,reloj ventilador,MX,MX,es,"['google_trends', 'youtube', 'aliexpress']",MX,MXN,ES,150.01,93.26,Home Appliances,91,3.076923076923077,100,0,14.9318680599811,2026-01-22,0,2026-04-22,0,0.1640388596910336,177004.0,997.0,4.0,6.0,0.00565523942961741,3
69e9b47bbd579ee5066528dd,283ed5f5-ed6f-44f2-8c8e-394a2c284ca3,2026-04-23 05:55:21.758,luz pastillo baseus,MX,MX,es,"['google_trends', 'youtube', 'aliexpress']",MX,MXN,ES,77.05111111111111,94.32222222222222,Lights & Lighting,91,1.098901098901099,100,0,10.482848367219182,2026-01-22,0,2026-04-22,0,0.0191113234591495,,,,,0.0,3
69e9b755bd579ee506652946,6bf05d25-9272-4255-9935-1011171c98a3,2026-04-23 06:07:24.550,power bank,MX,MX,es,"['google_trends', 'youtube', 'aliexpress']",MX,MXN,ES,29.314,93.67,Lights & Lighting,91,50.5054945054945,100,32,11.721180852886816,2026-01-23,50,2026-04-23,32,-0.0306577480490523,1357.0,26.0,1.0,1.0,0.01989683124539425,3
69e9b7c6bd579ee5066529b1,4969d089-c742-4e41-8062-9c63e6972711,2026-04-23 06:09:17.883,ventilador de cuello,MX,MX,es,"['google_trends', 'youtube', 'aliexpress']",MX,MXN,ES,68.80199999999999,93.09,Home Appliances,91,3.5164835164835164,100,0,11.99755774903342,2026-01-23,0,2026-04-23,0,0.1129638477464564,5938.0,66.0,2.0,20.0,0.011451667228022903,3
69e9b810bd579ee506652a2f,629f4537-1387-4bb5-8616-206a678f95d9,2026-04-23 06:10:45.644,bocina retro,MX,MX,es,"['google_trends', 'youtube', 'aliexpress']",MX,MXN,ES,21.065,68.15,Sports & Entertainment,91,1.098901098901099,100,0,10.482848367219184,2026-01-23,0,2026-04-23,0,0.0684822423952858,13818.0,245.0,16.0,12.0,0.01888840642640035,3
69e9ba82fd442dc3a69cdba5,20ff9613-ae04-45d7-a6c6-48e6c15022ab,2026-04-23 06:19:51.761,laser pointer,MX,MX,es,"['google_trends', 'youtube', 'aliexpress']",MX,MXN,ES,48.03888888888889,94.65555555555557,Sports & Entertainment,91,1.989010989010989,100,0,11.993048454551127,2026-01-23,0,2026-04-23,0,0.114890906195254,2.0,0.0,0.0,2.0,0.0,3
69e9fb4b4d28cb7da6d875c4,638e2ff0-9c2a-4477-b198-13a53e4f8258,2026-04-23 10:57:57.300,lavamanos,MX,MX,es,"['google_trends', 'youtube', 'aliexpress']",MX,MXN,ES,23.96,93.09,Home & Garden,31,71.19354838709677,100,50,11.0917968332118,2026-03-24,67,2026-04-23,61,-0.2221774193548387,100128.0,869.0,15.0,45.0,0.008828699264940875,3
69e9fc454d28cb7da6d8761f,c40c22ba-fb79-44df-8c02-17e14845f0c6,2026-04-23 11:01:37.127,ducha,MX,MX,es,"['google_trends', 'youtube', 'aliexpress']",MX,MXN,ES,17.613,91.24,Home & Garden,31,84.96774193548387,100,73,7.985336022851475,2026-03-24,88,2026-04-23,92,-0.1366935483870968,30801.0,463.0,17.0,31.0,0.015583909613324242,3
69e9fd064d28cb7da6d8766c,41c9a2f3-4b4e-4e94-854b-c70414de745e,2026-04-23 11:03:52.181,cajas de carton,MX,MX,es,"['google_trends', 'youtube', 'aliexpress']",MX,MXN,ES,24.048,94.93,Jewelry & Accessories,31,67.64516129032258,100,0,26.210110500971147,2026-03-24,67,2026-04-23,65,0.8657258064516129,1142104.0,13554.0,658.0,42.0,0.012443700398562654,0
69e9fdea4d28cb7da6d876c4,e178b70a-be8b-4756-b466-a71fa40f63c1,2026-04-23 11:08:35.657,faros led para carro,MX,MX,es,"['google_trends', 'youtube', 'aliexpress']",MX,MXN,ES,72.96900000000001,91.02,"Automobiles, Parts & Accessories",31,24.90322580645161,100,0,37.19798815232681,2026-03-24,0,2026-04-23,0,2.2520161290322576,147370.0,13121.0,606.0,27.0,0.09314650200176426,0
69e9fe494d28cb7da6d8770d,b22cc8ff-449a-4908-b846-412b1b904a29,2026-04-23 11:10:47.822,lavadora,MX,MX,es,"['google_trends', 'youtube', 'aliexpress']",MX,MXN,ES,20.329,91.39,Home & Garden,31,88.48387096774194,100,69,7.219745922315809,2026-03-24,82,2026-04-23,69,-0.1181451612903225,330537.0,16035.0,139.0,29.0,0.0489324946980217,0
69e9fe994d28cb7da6d87758,afe59d7f-b3de-40c1-b667-48a5a70ad96c,2026-04-23 11:12:09.807,cortina plastica,MX,MX,es,"['google_trends', 'youtube', 'aliexpress']",MX,MXN,ES,27.535,93.02,Home & Garden,31,3.225806451612903,100,0,17.960530202677486,2026-03-24,0,2026-04-23,0,0.0806451612903225,,,,,0.0,3
69ea00674d28cb7da6d87786,3fc8135d-1189-428a-9a51-4edf35abc42d,2026-04-23 11:19:43.217,mouse inalambrico,MX,MX,es,"['google_trends', 'youtube', 'aliexpress']",MX,MXN,ES,36.523,93.17,Computer & Office,31,50.903225806451616,100,0,26.626246247777992,2026-03-24,89,2026-04-23,43,0.0645161290322581,8109.0,166.0,10.0,5.0,0.021704279195955113,3
69ea00da4d28cb7da6d877b9,57076120-9c0e-45e0-8090-9fcb102953ef,2026-04-23 11:21:38.742,teclado gamer,MX,MX,es,"['google_trends', 'youtube', 'aliexpress']",MX,MXN,ES,313.666,96.51,Computer & Office,31,29.580645161290324,100,0,30.789364173957203,2026-03-24,0,2026-04-23,54,1.258467741935484,1108.0,33.0,1.0,1.0,0.030685920577617327,3
69ea01a24d28cb7da6d877e8,2b802da8-bb03-4e5f-b370-4981f55a6e9c,2026-04-23 11:24:59.426,pecera de vidrio,MX,MX,es,"['google_trends', 'youtube', 'aliexpress']",MX,MXN,ES,26.472,91.73,Home & Garden,31,33.32258064516129,100,0,36.52705581417168,2026-03-24,0,2026-04-23,100,3.3491935483870967,28150.0,259.0,6.0,4.0,0.009413854351687389,1
69ea023d4d28cb7da6d8781a,d7240b29-04a8-4287-b906-7f969faf5d3a,2026-04-23 11:27:37.436,soporte para tv,MX,MX,es,"['google_trends', 'youtube', 'aliexpress']",MX,MXN,ES,166.341,93.98,Consumer Electronics,31,54.87096774193548,100,0,29.79232779926611,2026-03-24,86,2026-04-23,44,0.538306451612903,2149.0,11.0,62.0,40.0,0.03396928804094928,3
69ea02f84d28cb7da6d87870,0ff8990b-3d08-44ed-ab1a-15b365c51d87,2026-04-23 11:30:43.359,escritorio,MX,MX,es,"['google_trends', 'youtube', 'aliexpress']",MX,MXN,ES,17.913999999999998,92.79,Phones & Telecommunications Accessories,31,80.2258064516129,100,46,17.856296139680172,2026-03-24,95,2026-04-23,61,0.0754032258064515,22193.0,504.0,185.0,45.0,0.031045825260217187,0
69ea03464d28cb7da6d878cb,d504a7db-261a-4369-8a7a-038ebbebede6,2026-04-23 11:32:00.938,maquina de coser,MX,MX,es,"['google_trends', 'youtube', 'aliexpress']",MX,MXN,ES,38.95222222222222,72.76666666666667,Home & Garden,31,75.35483870967742,100,48,10.30387754552228,2026-03-24,86,2026-04-23,65,-0.2217741935483871,15782.0,322.0,17.0,15.0,0.02148016727917881,3
69ea03c34d28cb7da6d87907,04e550e0-2801-43f3-b13f-f0079f9f5516,2026-04-23 11:33:47.656,cama de niño,MX,MX,es,"['google_trends', 'youtube', 'aliexpress']",MX,MXN,ES,5681.28875,0.0,Toys & Hobbies,31,36.83870967741935,100,0,39.24801207211524,2026-03-24,0,2026-04-23,70,3.7983870967741935,15123358.0,143302.0,389.0,32.0,0.009501262880902509,2
69ea374e4d28cb7da6d87953,83da9c3b-4345-4219-b4c2-5e7d97160ce7,2026-04-23 15:13:33.776,marmol,MX,MX,es,"['google_trends', 'youtube', 'aliexpress']",MX,MXN,ES,20.201,92.21,Home & Garden,31,80.41935483870968,100,59,9.95916393260796,2026-03-24,100,2026-04-23,61,-0.4262096774193549,611376.0,18001.0,454.0,41.0,0.030186006647300517,0
69ea37fd4d28cb7da6d879aa,23c613da-614c-4d27-8e42-62b0350be99a,2026-04-23 15:16:33.215,marcador amarillo,MX,MX,es,"['google_trends', 'youtube', 'aliexpress']",MX,MXN,ES,12.855,94.18,Office & School Supplies,31,11.03225806451613,100,0,26.456862841195846,2026-03-24,0,2026-04-23,0,0.7266129032258066,1303.0,11.0,0.0,2.0,0.00844205679201842,3
69ea38634d28cb7da6d879da,dbcccf3e-3115-4e92-bab4-aed92a5bc4af,2026-04-23 15:18:30.812,tornillos,MX,MX,es,"['google_trends', 'youtube', 'aliexpress']",MX,MXN,ES,18.975,91.66,Tools,31,81.74193548387096,100,62,10.148785615154436,2026-03-24,84,2026-04-23,62,-0.4685483870967741,90432.0,1270.0,28.0,47.0,0.014353326256192499,3
69ec6ba511cbf4e9d1cfca8c,92838eb1-451e-41b9-9456-2af14a385502,2026-04-25 07:21:16.811,control xbox,MX,MX,es,"['google_trends', 'youtube', 'aliexpress']",MX,MXN,ES,49.63444444444444,97.35555555555555,Consumer Electronics,91,65.62637362637362,100,43,12.47187801206142,2026-01-25,76,2026-04-25,73,-0.0424908424908424,24274.0,1444.0,130.0,14.0,0.06484304193787592,0
69ec6bf411cbf4e9d1cfcb03,8c246221-0381-4bd0-88b0-9ff706e54bfa,2026-04-25 07:22:45.908,control playstation,MX,MX,es,"['google_trends', 'youtube', 'aliexpress']",MX,MXN,ES,61.724,96.7,Consumer Electronics,91,8.032967032967033,100,0,18.93406720963304,2026-01-25,0,2026-04-25,38,0.206402293358815,22561.0,245.0,16.0,18.0,0.011568636142014982,3
69ec6c6511cbf4e9d1cfcb7f,0ed99957-bf04-4e4a-9221-d6bb8a2ed6e4,2026-04-25 07:24:31.897,raton gamer,MX,MX,es,"['google_trends', 'youtube', 'aliexpress']",MX,MXN,ES,21.936,90.98,Computer & Office,91,1.164835164835165,100,0,10.494722204003024,2026-01-25,0,2026-04-25,0,0.0178690874343048,7084.0,111.0,1.0,6.0,0.015810276679841896,3
69ec6cb611cbf4e9d1cfcbef,a16481f4-2331-4edb-b804-3742a6a7bea7,2026-04-25 07:25:50.329,cafetera express,MX,MX,es,"['google_trends', 'youtube', 'aliexpress']",MX,MXN,ES,1437.08,61.99,Home & Garden,91,11.12087912087912,100,0,27.8945773961078,2026-01-25,0,2026-04-25,0,0.6096512183468705,41103.0,3195.0,58.0,22.0,0.07914264165632678,2
69ec6d1011cbf4e9d1cfcc6f,562f31d3-7ae0-44e4-9f0b-2885cf595476,2026-04-25 07:27:20.560,xiaomi tag,MX,MX,es,"['google_trends', 'youtube', 'aliexpress']",MX,MXN,ES,13.512,96.22,Watches,91,9.0989010989011,100,0,25.354401303238564,2026-01-25,0,2026-04-25,0,0.4932154801720019,38906.0,1798.0,26.0,10.0,0.04688222896211381,0
69ec6d6b11cbf4e9d1cfcce3,c3872ce5-a468-4494-b037-3a8aee8d2f2d,2026-04-25 07:28:56.692,camara web,MX,MX,es,"['google_trends', 'youtube', 'aliexpress']",MX,MXN,ES,46.999,89.9,Consumer Electronics,91,37.07692307692308,100,0,34.744217990346016,2026-01-25,0,2026-04-25,48,0.0424908424908424,7072.0,121.0,21.0,11.0,0.020079185520361992,3
69ec6daf11cbf4e9d1cfcd58,e2e3a74c-a248-4900-82f8-2b68b94430ce,2026-04-25 07:30:08.473,rastreador,MX,MX,es,"['google_trends', 'youtube', 'aliexpress']",MX,MXN,ES,85.685,93.93,Home & Garden,91,66.17582417582418,100,0,13.622361849868115,2026-01-25,74,2026-04-25,62,0.056935817805383,3317.0,94.0,5.0,9.0,0.029846246608381068,3
69ec6e3911cbf4e9d1cfcdcb,a78d57ca-be1e-43a5-8ef6-9060acf6dd59,2026-04-25 07:32:24.364,microfono,MX,MX,es,"['google_trends', 'youtube', 'aliexpress']",MX,MXN,ES,110.625,90.72,Consumer Electronics,91,82.67032967032966,100,69,7.053848350849098,2026-01-25,83,2026-04-25,79,-0.0077878643096034,21908.0,1247.0,114.0,12.0,0.06212342523279167,0
69ec6ef411cbf4e9d1cfce41,676d8289-69aa-4d42-bbe5-7e47c56a0195,2026-04-25 07:35:30.047,camara inalambrica,MX,MX,es,"['google_trends', 'youtube', 'aliexpress']",MX,MXN,ES,72.56,46.0,"Automobiles, Parts & Accessories",91,13.384615384615383,100,0,30.727754096172927,2026-01-25,0,2026-04-25,100,0.7400382226469183,4741.0,240.0,3.0,5.0,0.051255009491668425,3
69ec70de11cbf4e9d1cfcea8,340cb258-256c-4689-b2d5-348143c3a9dd,2026-04-25 07:42:24.994,hub usb,MX,MX,es,"['google_trends', 'youtube', 'aliexpress']",MX,MXN,ES,27.837,96.67,Computer & Office,91,22.93406593406593,100,0,30.87818438739996,2026-01-25,0,2026-04-25,32,0.090237298932951,4512.0,73.0,0.0,4.0,0.016179078014184396,3
69ec720c11cbf4e9d1cfcf16,92aae0d8-6957-4afa-b2bc-4caabb5c902d,2026-04-25 07:47:17.300,organizador tarjetas,MX,MX,es,"['google_trends', 'youtube', 'aliexpress']",MX,MXN,ES,22.454,92.75,Home & Garden,91,1.098901098901099,100,0,10.482848367219182,2026-01-25,0,2026-04-25,0,0.0525561395126612,2323.0,35.0,0.0,2.0,0.015066724063710719,3
69ec73e911cbf4e9d1cfcf82,ebe4ccbc-e4f0-470e-9546-452e05bda52c,2026-04-25 07:55:10.756,impresora termica portatil,MX,MX,es,"['google_trends', 'youtube', 'aliexpress']",MX,MXN,ES,51.627,95.68,Computer & Office,91,5.967032967032967,100,0,21.13840661999467,2026-01-25,0,2026-04-25,0,0.3142379359770664,93801.0,3027.0,107.0,38.0,0.03341115766356435,0
69ec748c11cbf4e9d1cfd012,8543da75-2d84-4e4d-8dc8-112f27547770,2026-04-25 07:58:00.764,cuerdas led,MX,MX,es,"['google_trends', 'youtube', 'aliexpress']",MX,MXN,ES,26.685,91.7,Lights & Lighting,91,1.912087912087912,100,0,12.971462996086922,2026-01-25,0,2026-04-25,0,0.0551361681796464,692542.0,7055.0,95.0,22.0,0.010324283581356798,0
69ec75aa11cbf4e9d1cfd092,4b568ded-f5e8-4a9f-9dae-d95cd8e4eec3,2026-04-25 08:02:48.599,soporte tablet,MX,MX,es,"['google_trends', 'youtube', 'aliexpress']",MX,MXN,ES,32.908,93.32,Computer & Office,91,5.318681318681318,100,0,16.91145510585395,2026-01-25,0,2026-04-25,0,0.1476668259276954,13304.0,402.0,19.0,17.0,0.03164461815995189,3
69ec76a511cbf4e9d1cfd10d,23bf1f84-fc1c-482a-9db1-91d1220b7471,2026-04-25 08:07:01.220,tableta LCD,MX,MX,es,"['google_trends', 'youtube', 'aliexpress']",MX,MXN,ES,274.79200000000003,95.81,Toys & Hobbies,91,1.098901098901099,100,0,10.482848367219182,2026-01-25,0,2026-04-25,0,-0.0079630514413123,3994.0,126.0,5.0,4.0,0.032799198798197295,3
69ec77a111cbf4e9d1cfd17b,5444d881-d4de-4f3f-88b4-a69cd824d85f,2026-04-25 08:11:01.565,guitarra,MX,MX,es,"['google_trends', 'youtube', 'aliexpress']",MX,MXN,ES,23.21,90.54,Computer & Office,91,80.62637362637362,100,67,8.63281639591153,2026-01-25,100,2026-04-25,90,-0.0077719382067208,56784.0,2208.0,86.0,31.0,0.04039870386024232,0
69ec783711cbf4e9d1cfd204,78d39cbc-bd71-4909-b4ba-94fd14705297,2026-04-25 08:13:40.811,bateria,MX,MX,es,"['google_trends', 'youtube', 'aliexpress']",MX,MXN,ES,129.698,92.14,"Automobiles, Parts & Accessories",91,79.67032967032966,100,57,6.852501481705533,2026-01-25,82,2026-04-25,85,0.0211180124223602,46146.0,1256.0,65.0,12.0,0.028626533177306807,0
69ec78dc11cbf4e9d1cfd27a,10f50757-7ad4-41cb-b4f0-92c95f134bae,2026-04-25 08:16:18.079,flautas,MX,MX,es,"['google_trends', 'youtube', 'aliexpress']",MX,MXN,ES,31.202,93.28,Sports & Entertainment,91,70.13186813186813,100,49,10.2764118156407,2026-01-25,60,2026-04-25,57,-0.0530976270106704,9478.0,120.0,2.0,45.0,0.012871913905887319,3
69ec7c0a11cbf4e9d1cfd311,6105a905-50c1-4344-9098-0d90ec80bc5d,2026-04-25 08:29:58.729,coches juguetes,MX,MX,es,"['google_trends', 'youtube', 'aliexpress']",MX,MXN,ES,98.29,90.88,Toys & Hobbies,91,1.6923076923076923,100,0,11.858135798488084,2026-01-25,0,2026-04-25,0,0.0966395922917662,43100.0,460.0,18.0,7.0,0.011090487238979119,3
69ec7d4911cbf4e9d1cfd382,d7d7bb99-3f20-4ab1-a6b7-a8938746602d,2026-04-25 08:35:16.207,ganchos ropa,MX,MX,es,"['google_trends', 'youtube', 'aliexpress']",MX,MXN,ES,35.642,95.79,Home & Garden,91,25.65934065934066,100,0,30.238393468576326,2026-01-25,90,2026-04-25,33,0.1049530179964962,13091648.0,291377.0,1663.0,46.0,0.022383736562425142,0
69ec7dea11cbf4e9d1cfd41a,9cc34744-ca7a-4e68-8899-d490c56eddbc,2026-04-25 08:38:00.130,toallas,MX,MX,es,"['google_trends', 'youtube', 'aliexpress']",MX,MXN,ES,24.048,89.8,Home & Garden,91,83.26373626373626,100,69,7.070808793648501,2026-01-25,86,2026-04-25,72,0.0034081860168816,193034.0,2069.0,143.0,37.0,0.011459121191085508,0
69ec7ea011cbf4e9d1cfd4a9,7a3c5ae3-170d-43f1-a246-c6060efdf26b,2026-04-25 08:41:04.636,mochila viaje,MX,MX,es,"['google_trends', 'youtube', 'aliexpress']",MX,MXN,ES,110.142,96.34,Sports & Entertainment,91,14.516483516483516,100,0,26.147599268325717,2026-01-25,0,2026-04-25,41,0.4235387800605191,132836.0,1767.0,69.0,19.0,0.013821554397904183,3
69ec7f3b11cbf4e9d1cfd526,eaa5df05-085a-48b6-9123-1037740e9469,2026-04-25 08:43:42.526,condon,MX,MX,es,"['google_trends', 'youtube', 'aliexpress']",MX,MXN,ES,,,,91,48.21978021978022,100,34,8.76331012777731,2026-01-25,46,2026-04-25,46,-0.1215639433030737,264917.0,3360.0,30.0,6.0,0.012796460778281499,0
69ec7fdb11cbf4e9d1cfd58c,b0ef21c7-3afb-4756-a723-f9a2deba1b07,2026-04-25 08:46:20.512,vibrador,MX,MX,es,"['google_trends', 'youtube', 'aliexpress']",MX,MXN,ES,217.515,91.2,Beauty & Health,91,82.4065934065934,100,61,8.31194324381492,2026-01-25,84,2026-04-25,92,-0.0386207994903647,64106.0,1305.0,10.0,19.0,0.020512900508532744,3
69ec808611cbf4e9d1cfd601,03ee1436-98f8-4341-9d2d-a2382e78c80b,2026-04-25 08:49:09.290,almohadilla viaje,MX,MX,es,"['google_trends', 'youtube', 'aliexpress']",MX,MXN,ES,23.834444444444443,91.9,Home & Garden,91,1.098901098901099,100,0,10.48284836721918,2026-01-25,0,2026-04-25,0,-0.0461856983596113,400.0,32.0,4.0,3.0,0.09,0
69ec812111cbf4e9d1cfd66d,f478ed10-adbd-4ac0-a093-1bbc210a3b8d,2026-04-25 08:51:45.743,cargador c,MX,MX,es,"['google_trends', 'youtube', 'aliexpress']",MX,MXN,ES,16.880000000000003,94.93,Phones & Telecommunications Accessories,91,59.45054945054945,100,0,14.167461731621932,2026-01-25,43,2026-04-25,59,0.0520783564261825,2347.0,34.0,0.0,6.0,0.014486578610992756,3
69ec81b511cbf4e9d1cfd6dd,75367f82-2d99-400b-bb68-c6f5101b5388,2026-04-25 08:54:15.192,calcetines,MX,MX,es,"['google_trends', 'youtube', 'aliexpress']",MX,MXN,ES,15.183000000000002,93.53,Underwear,91,60.32967032967033,100,45,9.238873121586666,2026-01-25,73,2026-04-25,66,-0.0152890587673196,78415.0,1677.0,102.0,42.0,0.02268698590830836,0
69ec98295a2461e98614a6a4,9cb379e9-3e01-4fa0-82ce-3b796481e8d3,2026-04-25 10:31:24.769,violin,MX,MX,es,"['google_trends', 'youtube', 'aliexpress']",MX,MXN,ES,41.709,95.3,Sports & Entertainment,31,79.83870967741936,100,53,10.165617784780054,2026-03-26,92,2026-04-25,85,-0.080241935483871,11246.0,544.0,15.0,5.0,0.04970656233327405,0
69ec98985a2461e98614a6d7,9f89b789-0e8a-4d8a-9503-891a5d430882,2026-04-25 10:33:08.509,clarinete,MX,MX,es,"['google_trends', 'youtube', 'aliexpress']",MX,MXN,ES,38.704,95.27,Sports & Entertainment,31,36.96774193548387,100,0,26.461902011467654,2026-03-26,72,2026-04-25,41,0.9794354838709678,4446.0,157.0,5.0,15.0,0.03643724696356275,3
69ec98ed5a2461e98614a714,64171f54-d78e-44a6-9a14-6edcd7b6cfc6,2026-04-25 10:34:30.073,trompeta,MX,MX,es,"['google_trends', 'youtube', 'aliexpress']",MX,MXN,ES,32.166000000000004,94.64,Home & Garden,31,75.0,100,57,9.602083107326242,2026-03-26,70,2026-04-25,83,0.1959677419354838,23984.0,547.0,8.0,33.0,0.023140426951300867,3
69ec9c195a2461e98614a763,6bd67bf3-ccc3-443e-a28d-1054aea3c173,2026-04-25 10:47:53.343,piano,MX,MX,es,"['google_trends', 'youtube', 'aliexpress']",MX,MXN,ES,48.66,94.89,Home & Garden,31,82.61290322580645,100,69,8.456466635480169,2026-03-26,81,2026-04-25,95,-0.4024193548387097,23495.0,860.0,52.0,9.0,0.03881676952543094,0
69ec9c7b5a2461e98614a79a,7ed8448f-c00c-44b8-b61b-ab0dc7eb5f00,2026-04-25 10:49:41.457,billetera de cuero,MX,MX,es,"['google_trends', 'youtube', 'aliexpress']",MX,MXN,ES,15.855,93.5,Luggage & Bags,31,3.225806451612903,100,0,17.960530202677493,2026-03-26,0,2026-04-25,0,-0.4838709677419355,251544.0,19582.0,198.0,33.0,0.0786343542282861,0
69ec9cd25a2461e98614a7e9,d3c6d99e-e86e-4e0e-b7c6-226a0d0959e8,2026-04-25 10:51:10.241,gafas de sol,MX,MX,es,"['google_trends', 'youtube', 'aliexpress']",MX,MXN,ES,20.286,91.16,Apparel Accessories,31,43.87096774193548,100,0,37.10143028283758,2026-03-26,0,2026-04-25,60,2.025403225806452,37773.0,1014.0,106.0,37.0,0.029650808778757313,1
69ec9d215a2461e98614a83c,52af1549-e9b5-482d-9aaf-7fa32a0a8475,2026-04-25 10:52:38.915,blanqueador dental,MX,MX,es,"['google_trends', 'youtube', 'aliexpress']",MX,MXN,ES,83.285,93.05,Beauty & Health,31,24.451612903225808,100,0,39.61635917116179,2026-03-26,0,2026-04-25,0,2.1536290322580647,207628.0,2954.0,74.0,33.0,0.014583774828057873,1
69ec9d8c5a2461e98614a88b,a379f46b-665b-4267-9ff0-2de5e54c6d58,2026-04-25 10:54:18.277,traje de buzo,MX,MX,es,"['google_trends', 'youtube', 'aliexpress']",MX,MXN,ES,43.775000000000006,85.0,Men's Clothing,31,28.12903225806452,100,0,32.841784295298645,2026-03-26,0,2026-04-25,0,2.6306451612903228,75332.0,650.0,22.0,11.0,0.00892051186746668,1
69ec9e0a5a2461e98614a8bc,60eddaf0-8365-4e5e-a4e4-eebe2c2838f4,2026-04-25 10:56:24.406,carros hibridos,MX,MX,es,"['google_trends', 'youtube', 'aliexpress']",MX,MXN,ES,20.765,56.7125,"Automobiles, Parts & Accessories",31,39.74193548387097,100,0,42.438165010546406,2026-03-26,0,2026-04-25,87,3.8741935483870966,4933.0,122.0,0.0,4.0,0.02473140077032232,1
69ec9e885a2461e98614a8ec,d2a40e53-7f1e-4ff7-aef5-62f2b85a3072,2026-04-25 10:58:26.952,ajedrez profesional,MX,MX,es,"['google_trends', 'youtube', 'aliexpress']",MX,MXN,ES,22.21,94.38,Sports & Entertainment,31,16.64516129032258,100,0,31.88996538839637,2026-03-26,0,2026-04-25,0,1.682661290322581,2043813.0,91435.0,1047.0,15.0,0.04524973664420375,0
69ec9faa5a2461e98614a929,5b749d2d-9828-47f3-a688-752345fdb0f4,2026-04-25 11:03:22.475,monopoli,MX,MX,es,"['google_trends', 'youtube', 'aliexpress']",MX,MXN,ES,81.855,95.65,Electronic Components & Supplies,31,16.612903225806452,100,0,20.90243593356978,2026-03-26,0,2026-04-25,23,0.9653225806451616,2999.0,28.0,1.0,3.0,0.009669889963321108,3
69eca0145a2461e98614a958,a4a5f5fa-ff74-4789-94bd-e2d7b9bfd169,2026-04-25 11:05:04.654,iphone 13 pro max,MX,MX,es,"['google_trends', 'youtube', 'aliexpress']",MX,MXN,ES,18.22,96.58,Phones & Telecommunications Accessories,31,69.3225806451613,100,56,11.847326271566354,2026-03-26,77,2026-04-25,63,-0.9068548387096774,1318.0,11.0,0.0,1.0,0.00834597875569044,3
69ed2aac5a2461e98614a987,21238a79-c3bf-453a-a88a-44e6a229bee6,2026-04-25 20:56:29.375,cadena de oro,MX,MX,es,"['google_trends', 'youtube', 'aliexpress']",MX,MXN,ES,6.276,93.46,Jewelry & Accessories,31,71.93548387096774,100,45,10.487883433979004,2026-03-26,85,2026-04-25,72,-0.2858870967741935,1028094.0,22499.0,167.0,38.0,0.02204662219602488,0
69ef38e65a2461e98614a9db,b0e4654b-0c36-4903-bda6-b88803962653,2026-04-27 10:21:38.225,collar de perlas,MX,MX,es,"['google_trends', 'youtube', 'aliexpress']",MX,MXN,ES,6.025,94.82,Jewelry & Accessories,31,32.96774193548387,100,0,35.603823643880105,2026-03-28,0,2026-04-27,69,3.441532258064516,572669.0,13434.0,144.0,26.0,0.023710031449231582,1
69ef39855a2461e98614aa23,f19649a6-317c-485e-a87f-6ae55d13cd97,2026-04-27 10:24:25.757,llavero de madera,MX,MX,es,"['google_trends', 'youtube', 'aliexpress']",MX,MXN,ES,18.24,93.56,Tools,31,14.096774193548388,100,0,32.82717861641445,2026-03-28,0,2026-04-27,0,0.881048387096774,8266.0,151.0,5.0,14.0,0.018872489716912653,3
69ef39fb5a2461e98614aa5f,adaa6f1b-7d68-4bd6-b8e1-d7d225854010,2026-04-27 10:26:14.137,protector solar,MX,MX,es,"['google_trends', 'youtube', 'aliexpress']",MX,MXN,ES,30.168,94.71,Home Improvement,31,74.64516129032258,100,55,11.51389996800035,2026-03-28,98,2026-04-27,61,-1.021774193548387,31605.0,703.0,34.0,25.0,0.02331909507989242,3
69ef3acc5a2461e98614aaa6,de3632cb-aded-475a-a396-4db393c5ba6f,2026-04-27 10:29:17.405,cepillo de dientes,MX,MX,es,"['google_trends', 'youtube', 'aliexpress']",MX,MXN,ES,14.753,94.22,Home & Garden,31,77.64516129032258,100,44,14.124561083674482,2026-03-28,81,2026-04-27,84,0.257258064516129,407194.0,33265.0,1342.0,38.0,0.08498897331493097,0
69ef3d9d5a2461e98614aafa,60018885-5432-4892-9aef-052c5296d308,2026-04-27 10:41:46.583,guantes de futbol,MX,MX,es,"['google_trends', 'youtube', 'aliexpress']",MX,MXN,ES,20.563,92.38,Apparel Accessories,31,39.774193548387096,100,0,42.66591901226658,2026-03-28,0,2026-04-27,76,3.8383064516129033,4358704.0,57879.0,186.0,32.0,0.013321620371559987,1
69ef40355a2461e98614ab9b,9ef3875f-5fe6-4c60-9ba7-86863e3a582b,2026-04-27 10:52:53.741,rasuradora electrica,MX,MX,es,"['google_trends', 'youtube', 'aliexpress']",MX,MXN,ES,72.931,63.370000000000005,Home Appliances,31,30.90322580645161,100,0,34.27278301967873,2026-03-28,0,2026-04-27,52,3.00524193548387,3094.0,24.0,0.0,4.0,0.007756948933419522,1
69ef40f45a2461e98614abcd,5a16c18d-2827-4377-baf8-d67a351ffd61,2026-04-27 10:55:55.183,camisetas de futbol,MX,MX,es,"['google_trends', 'youtube', 'aliexpress']",MX,MXN,ES,36.73777777777778,93.07777777777778,"Sports Shoes,Clothing&Accessories",31,37.903225806451616,100,0,40.72456657326933,2026-03-28,0,2026-04-27,72,3.916129032258064,347246.0,15019.0,211.0,33.0,0.0438593965085271,1
69ef41905a2461e98614ac1b,4dec4831-847a-4115-beb7-7769c2f7ce90,2026-04-27 10:58:09.329,peluches,MX,MX,es,"['google_trends', 'youtube', 'aliexpress']",MX,MXN,ES,20.306,93.01,Home & Garden,31,86.54838709677419,100,71,8.26574743415024,2026-03-28,86,2026-04-27,99,-0.0036290322580645,579887.0,16010.0,414.0,38.0,0.028322759434165623,0
69ef429e5a2461e98614ac6f,ead4c70d-2470-44a3-b36a-69cd9fd27c41,2026-04-27 11:01:09.983,guantes de box,MX,MX,es,"['google_trends', 'youtube', 'aliexpress']",MX,MXN,ES,47.85888888888889,26.666666666666668,"Sports Shoes,Clothing&Accessories",31,55.193548387096776,100,32,13.075216645340172,2026-03-28,81,2026-04-27,100,0.1100806451612903,446061.0,7054.0,112.0,41.0,0.01606506733383999,2
69ef434f5a2461e98614acc5,cb7a76b0-6059-463a-92c1-76aa58be47e0,2026-04-27 11:03:03.731,guantes de boxeo,MX,MX,es,"['google_trends', 'youtube', 'aliexpress']",MX,MXN,ES,23.052222222222223,91.73333333333332,Sports & Entertainment,31,23.12903225806452,100,0,22.82212659603814,2026-03-28,0,2026-04-27,100,1.419758064516129,527478.0,11569.0,246.0,25.0,0.022399038443309482,0
69ef49255a2461e98614ad0b,43774495-1fbf-48b5-b9fa-874babb825ac,2026-04-27 11:30:24.418,medias de compresion,MX,MX,es,"['google_trends', 'youtube', 'aliexpress']",MX,MXN,ES,20.752,93.66,Underwear,31,67.06451612903226,100,0,16.719121754986553,2026-03-28,0,2026-04-27,54,0.3004032258064517,18099.0,94.0,14.0,18.0,0.005967180507210343,3
69ef49b85a2461e98614ad4b,06bd09cc-46ab-4dce-82d6-b60dfbaed6ac,2026-04-27 11:32:59.740,carrito de compras,MX,MX,es,"['google_trends', 'youtube', 'aliexpress']",MX,MXN,ES,24.016,92.48,Home & Garden,31,23.12903225806452,100,0,26.64925506836776,2026-03-28,0,2026-04-27,32,1.1096774193548389,3069969.0,148333.0,13189.0,33.0,0.052613560592957125,0
69ef4a675a2461e98614ad9a,bd1138c4-508a-4c60-9613-fd7e2c5096c8,2026-04-27 11:34:59.976,plancha de pelo,MX,MX,es,"['google_trends', 'youtube', 'aliexpress']",MX,MXN,ES,11.724,93.32,Beauty & Health,31,24.516129032258064,100,0,25.52237053742192,2026-03-28,84,2026-04-27,35,-0.3633064516129033,565942.0,22435.0,350.0,38.0,0.04026030936032314,0
69ef53055a2461e98614adee,cb602744-d11c-44d9-9549-3702a61f26fe,2026-04-27 12:13:56.076,sombrero vaquero,MX,MX,es,"['google_trends', 'youtube', 'aliexpress']",MX,MXN,ES,26.501,91.3,Apparel Accessories,31,65.87096774193549,100,43,16.483814153048982,2026-03-28,50,2026-04-27,95,1.1725806451612903,238456.0,5939.0,125.0,37.0,0.025430268057838764,0
69ef536a5a2461e98614ae41,2d5b89ac-ebdb-4e04-ba15-7dde37dee921,2026-04-27 12:14:46.812,montura para caballo,MX,MX,es,"['google_trends', 'youtube', 'aliexpress']",MX,MXN,ES,44.187,88.34,Apparel Accessories,31,21.451612903225808,100,0,37.382561629434846,2026-03-28,0,2026-04-27,0,1.6298387096774194,1046229.0,9516.0,539.0,40.0,0.009610706642618394,1
69ef53e75a2461e98614ae97,f2e84368-2751-4061-9f01-2250133e5a10,2026-04-27 12:16:54.961,licra de mujer,MX,MX,es,"['google_trends', 'youtube', 'aliexpress']",MX,MXN,ES,23.572,92.62,"Sports Shoes,Clothing&Accessories",31,19.774193548387096,100,0,22.931360880417827,2026-03-28,0,2026-04-27,42,1.538306451612903,6890.0,134.0,1.0,1.0,0.019593613933236574,3
69ef63a75a2461e98614aec6,c38a66aa-3975-4d94-b893-30cb697df7f0,2026-04-27 13:24:00.981,taladro de bateria,MX,MX,es,"['google_trends', 'youtube', 'aliexpress']",MX,MXN,ES,40.568,96.57,Consumer Electronics,31,36.774193548387096,100,0,39.9697466236814,2026-03-28,0,2026-04-27,69,3.6625,3111.0,41.0,0.0,3.0,0.013179042108646738,1
69ef67485a2461e98614aef7,d68b4dca-94ef-49d1-96f1-5a1dd2298669,2026-04-27 13:38:23.717,maquina de soldar,MX,MX,es,"['google_trends', 'youtube', 'aliexpress']",MX,MXN,ES,3826.537,18.0,Tools,31,50.96774193548387,100,0,30.52592763642927,2026-03-28,100,2026-04-27,36,0.8278225806451613,83430.0,1536.0,36.0,22.0,0.018842143113987773,2
69ef906c205dde4468cfd848,9b6aeece-dfaa-463c-bddd-ffcfcb6a43be,2026-04-27 16:33:41.283,robot aspirador,MX,MX,es,"['google_trends', 'youtube', 'aliexpress']",MX,MXN,ES,343.91700000000003,94.04,Home Appliances,91,3.2967032967032965,100,0,11.46152453064358,2026-01-27,0,2026-04-27,15,0.1620958751393534,9243.0,491.0,18.0,10.0,0.055068700638320894,0
69ef90bd205dde4468cfd8bc,ddf05e21-05c2-432c-ac69-85a9c36365d9,2026-04-27 16:36:26.619,card play,MX,MX,es,"['google_trends', 'youtube', 'aliexpress']",MX,MXN,ES,130.879,95.2,"Automobiles, Parts & Accessories",91,21.0989010989011,100,0,31.488641671792617,2026-01-27,88,2026-04-27,10,-0.0306418219461697,,,,,0.0,3
69ef92c9205dde4468cfd926,ad1103a7-464c-445e-b7b4-f548c04bc1c5,2026-04-27 16:45:16.242,aspiradora de mano,MX,MX,es,"['google_trends', 'youtube', 'aliexpress']",MX,MXN,ES,1029.749,0.0,Home Appliances,91,10.395604395604396,100,0,22.08613397127967,2026-01-27,0,2026-04-27,20,0.2437171524128046,52279.0,1675.0,11.0,22.0,0.032250043038313664,2
69ef935f205dde4468cfd9a6,dd91ba01-6e48-4db2-9f1a-e038990a9adf,2026-04-27 16:46:23.124,aceite de oliva,MX,MX,es,"['google_trends', 'youtube', 'aliexpress']",MX,MXN,ES,24.123,92.05,Home & Garden,91,70.03296703296704,100,50,7.632460720793568,2026-01-27,63,2026-04-27,64,0.0356585443541965,240132.0,4748.0,70.0,38.0,0.02006396481934936,0
69ef93e5205dde4468cfda36,42aee9c9-7d38-41b2-869a-d91cef37e222,2026-04-27 16:49:21.752,kit de extensiones de pestañas,MX,MX,es,"['google_trends', 'youtube', 'aliexpress']",MX,MXN,ES,15.891,95.44,Beauty & Health,91,1.098901098901099,100,0,10.48284836721918,2026-01-27,0,2026-04-27,0,-0.0318522057652492,4649.0,85.0,4.0,4.0,0.01914390191439019,3
69ef9430205dde4468cfdaa4,a131f8e3-ab33-42b6-b2a0-41d0c51af400,2026-04-27 16:51:03.306,pestañas postizas,MX,MX,es,"['google_trends', 'youtube', 'aliexpress']",MX,MXN,ES,18.243,96.39,Beauty & Health,91,33.53846153846154,100,0,24.333017209045952,2026-01-27,0,2026-04-27,43,0.2351170568561873,1269.0,11.0,0.0,2.0,0.008668242710795903,3
69ef9497205dde4468cfdb10,a34dfdc4-2379-4aaa-8099-08f7d7c9f24d,2026-04-27 16:52:21.565,brillo labial perfumado,MX,MX,es,"['google_trends', 'youtube', 'aliexpress']",MX,MXN,ES,24.869,73.88,Beauty & Health,91,1.098901098901099,100,0,10.482848367219182,2026-01-27,0,2026-04-27,0,2.2632353424433835e-19,,,,,0.0,3
69ef9569205dde4468cfdb7a,2e22886f-587c-4f85-a8f5-09dcf6bd0ef9,2026-04-27 16:54:16.295,rubor liquido,MX,MX,es,"['google_trends', 'youtube', 'aliexpress']",MX,MXN,ES,18.852222222222224,60.62222222222223,Beauty & Health,91,5.274725274725275,100,0,15.29202111056317,2026-01-27,0,2026-04-27,13,0.0864309603440038,4040.0,83.0,3.0,2.0,0.02128712871287129,3
69ef9852205dde4468cfdbe5,09e90d03-e3a5-48b0-a92a-d631243ae0ff,2026-04-27 17:03:51.842,jabon blanqueador,MX,MX,es,"['google_trends', 'youtube', 'aliexpress']",MX,MXN,ES,23.149,89.35,Beauty & Health,91,1.098901098901099,100,0,10.482848367219182,2026-01-27,0,2026-04-27,0,0.0541487498009237,97555.0,2791.0,106.0,5.0,0.02969606888421916,0
69ef99b0205dde4468cfdc54,6a766a56-cd1f-4968-a3cd-41019562aeee,2026-04-27 17:10:21.332,cargador USB,MX,MX,es,"['google_trends', 'youtube', 'aliexpress']",MX,MXN,ES,16.441,94.66,Phones & Telecommunications Accessories,91,38.934065934065934,100,0,31.294941798530044,2026-01-27,56,2026-04-27,53,0.0915750915750915,759.0,4.0,2.0,2.0,0.007905138339920948,3
69ef9a56205dde4468cfdd48,33632aaa-0e49-45a9-9682-c9b94616be0b,2026-04-27 17:17:33.393,guantes de nitrilo,MX,MX,es,"['google_trends', 'youtube', 'aliexpress']",MX,MXN,ES,22.714,93.06,Apparel Accessories,91,52.0989010989011,100,0,25.778998750082916,2026-01-27,47,2026-04-27,45,-0.1846631629240325,126484.0,3729.0,88.0,30.0,0.030177729989563896,0
69ef9ac2205dde4468cfddd0,b512c809-4cfb-47ea-89bc-cbfc1e8ebe98,2026-04-27 17:19:07.687,ganchos para puerta,MX,MX,es,"['google_trends', 'youtube', 'aliexpress']",MX,MXN,ES,17.826,93.75,"Automobiles, Parts & Accessories",91,1.098901098901099,100,0,10.482848367219184,2026-01-27,0,2026-04-27,0,0.0605191909539735,14945.0,250.0,24.0,5.0,0.01833389093342255,3
69ef9c07205dde4468cfde3f,973e1f9f-aded-4bda-bf5c-01ff9bd26de5,2026-04-27 17:23:58.727,proyector para cine,MX,MX,es,"['google_trends', 'youtube', 'aliexpress']",MX,MXN,ES,25.535,94.52,Consumer Electronics,91,1.989010989010989,100,0,13.41681739500799,2026-01-27,0,2026-04-27,0,0.0989170250039815,100750.0,2517.0,119.0,40.0,0.02616377171215881,0
69efa961205dde4468cfe00f,1dbc36fd-feaa-442d-a04c-fa24872613fb,2026-04-27 18:22:25.214,eslabones italianos,MX,MX,es,"['google_trends', 'youtube', 'aliexpress']",MX,MXN,ES,6.847,94.23,Jewelry & Accessories,91,1.098901098901099,100,0,10.482848367219182,2026-01-27,0,2026-04-27,0,0.017518713170887,,,,,0.0,3
69f040843f2d6f944279fdb5,41a7d559-2143-488e-8cb3-d525dcd2b4de,2026-04-28 05:05:22.221,sarten huevos,MX,MX,es,"['google_trends', 'youtube', 'aliexpress']",MX,MXN,ES,30.276,90.4,Home & Garden,91,8.219780219780219,100,0,22.77757288689527,2026-01-27,0,2026-04-27,0,0.4478260869565217,1138007.0,30324.0,646.0,39.0,0.027214243849115163,0
69f04c083f2d6f944279fff3,06270e56-9f89-43b3-9ff7-551d80c82bb9,2026-04-28 05:55:35.330,lampara led escritorio,MX,MX,es,"['google_trends', 'youtube', 'aliexpress']",MX,MXN,ES,48.731,93.31,Lights & Lighting,91,5.483516483516484,100,0,19.628416270161107,2026-01-27,0,2026-04-27,0,0.3050167224080267,1250.0,34.0,19.0,18.0,0.0424,3
69f050043f2d6f94427a006f,f3b6f6c7-19de-42e2-a89a-47c0fbdf41b6,2026-04-28 06:12:35.757,soporte celular escritorio,MX,MX,es,"['google_trends', 'youtube', 'aliexpress']",MX,MXN,ES,27.368,89.62,Phones & Telecommunications Accessories,91,2.065934065934066,100,0,13.886686027992742,2026-01-28,0,2026-04-28,0,0.1169612995699952,1790.0,8.0,1.0,11.0,0.005027932960893855,3
69f050fa3f2d6f94427a00e4,77232e32-0b10-4552-80aa-b8a5ea2df6a1,2026-04-28 06:16:48.361,soporte celular coche magnetico,MX,MX,es,"['google_trends', 'youtube', 'aliexpress']",MX,MXN,ES,16.585,87.15,Phones & Telecommunications Accessories,91,1.098901098901099,100,0,10.482848367219182,2026-01-28,0,2026-04-28,0,0.0127408823060996,22470.0,118.0,1.0,14.0,0.00529595015576324,3
69f051ef3f2d6f94427a015c,2bfc1745-9ab7-4418-8f4c-b54b9087b772,2026-04-28 06:20:54.338,soporte celular bicicleta,MX,MX,es,"['google_trends', 'youtube', 'aliexpress']",MX,MXN,ES,31.663,92.17,Phones & Telecommunications Accessories,91,1.098901098901099,100,0,10.482848367219182,2026-01-28,0,2026-04-28,0,0.0541487498009237,2434.0,40.0,13.0,12.0,0.021774856203779787,3
69f053ec3f2d6f94427a01d2,f1c51b6a-ee89-487c-a46a-5c97ef79df3f,2026-04-28 06:28:42.837,base refrigerante laptop,MX,MX,es,"['google_trends', 'youtube', 'aliexpress']",MX,MXN,ES,143.05,61.58888888888888,Computer & Office,91,1.098901098901099,100,0,10.482848367219182,2026-01-28,0,2026-04-28,0,0.0143334925943621,7789.0,159.0,14.0,7.0,0.022210810116831427,3
69f055083f2d6f94427a0242,ffd11a38-44e1-42b1-8a96-1a71e1301d2f,2026-04-28 06:33:27.497,mini ventilador usb,MX,MX,es,"['google_trends', 'youtube', 'aliexpress']",MX,MXN,ES,49.801,92.54,Home Appliances,91,1.7912087912087913,100,0,12.327490943701116,2026-01-28,0,2026-04-28,0,0.0954610606784519,496.0,3.0,1.0,5.0,0.008064516129032258,3
69f056e73f2d6f94427a02b1,53eea439-9fa4-4164-813a-c38b4c3c6503,2026-04-28 06:38:11.056,ventilador portatil mano,MX,MX,es,"['google_trends', 'youtube', 'aliexpress']",MX,MXN,ES,60.852,85.07000000000001,Home & Garden,91,1.098901098901099,100,0,10.482848367219182,2026-01-28,0,2026-04-28,0,0.0557413600891861,10213.0,133.0,9.0,14.0,0.013903848036815823,3
69f058c53f2d6f94427a0329,8f6de307-1a41-4bf7-b4a7-1de706696bf2,2026-04-28 06:49:58.768,difusor aceites esenciales,MX,MX,es,"['google_trends', 'youtube', 'aliexpress']",MX,MXN,ES,187.242,91.72,Home Appliances,91,8.956043956043956,100,0,22.916714951664083,2026-01-28,0,2026-04-28,0,0.4886606147475713,15300.0,295.0,22.0,24.0,0.020718954248366013,3
69f059ee3f2d6f94427a03ab,a7a0c436-50fe-49a0-8c35-b915c65f9ca8,2026-04-28 06:54:11.200,purificador aire portatil,MX,MX,es,"['google_trends', 'youtube', 'aliexpress']",MX,MXN,ES,4063.95,0.0,Furniture,91,1.098901098901099,100,0,10.482848367219184,2026-01-28,0,2026-04-28,0,0.0668896321070234,3089.0,50.0,7.0,6.0,0.018452573648429914,2
69f05fa73f2d6f94427a0413,cbd1395e-cd9a-44a5-9747-7b88cb8aae47,2026-04-28 07:19:17.319,protector teclado silicona,MX,MX,es,"['google_trends', 'youtube', 'aliexpress']",MX,MXN,ES,21.001,92.75,Phones & Telecommunications Accessories,91,1.098901098901099,100,0,10.48284836721918,2026-01-28,0,2026-04-28,0,-0.0557413600891861,,,,,0.0,3
69f067693f2d6f94427a047d,2889ad1a-1bec-4f3c-aada-8783be753827,2026-04-28 07:52:21.585,espejo maquillaje led,MX,MX,es,"['google_trends', 'youtube', 'aliexpress']",MX,MXN,ES,64.70700000000001,95.35,Beauty & Health,91,4.0989010989010985,100,0,19.283300169982976,2026-01-28,0,2026-04-28,0,0.2271221532091097,16303.0,151.0,31.0,33.0,0.0111635895234006,3
69f068b53f2d6f94427a0508,758b0f7f-3a2b-4269-8e95-46bb535d9a75,2026-04-28 07:56:41.647,organizador joyeria,MX,MX,es,"['google_trends', 'youtube', 'aliexpress']",MX,MXN,ES,74.467,89.47,Home & Garden,91,1.098901098901099,100,0,10.482848367219182,2026-01-28,0,2026-04-28,0,0.0589265806657111,91216.0,5315.0,121.0,15.0,0.05959480792843361,0
69f06e8b3f2d6f94427a0581,9ccc36ba-71ae-4c42-8991-42385104a7af,2026-04-28 08:22:05.502,organizador zapatos,MX,MX,es,"['google_trends', 'youtube', 'aliexpress']",MX,MXN,ES,25.756,91.31,Home & Garden,91,11.483516483516484,100,0,26.59881477616902,2026-01-28,0,2026-04-28,100,0.63258480649785,77223.0,729.0,33.0,22.0,0.009867526514121441,3
69f06fb03f2d6f94427a0601,e002b98e-9209-4947-9fbe-fa44e480d14a,2026-04-28 08:27:05.357,zapatero portatil,MX,MX,es,"['google_trends', 'youtube', 'aliexpress']",MX,MXN,ES,21.913,93.85,Home & Garden,91,1.098901098901099,100,0,10.482848367219184,2026-01-28,0,2026-04-28,0,0.0652970218187609,,,,,0.0,3
69f072c13f2d6f94427a066b,47e84e3c-f194-4bdb-8049-e952827dd367,2026-04-28 08:37:33.678,dispensador jabon automatico,MX,MX,es,"['google_trends', 'youtube', 'aliexpress']",MX,MXN,ES,138.67000000000002,65.32000000000001,Home Improvement,91,1.098901098901099,100,0,10.482848367219182,2026-01-28,0,2026-04-28,0,0.062111801242236,4266.0,27.0,0.0,4.0,0.006329113924050633,3
69f078173f2d6f94427a06d9,b2bc87c3-53b0-48c7-9ae7-65d0454e17ec,2026-04-28 08:58:40.825,cortador verduras manual,MX,MX,es,"['google_trends', 'youtube', 'aliexpress']",MX,MXN,ES,61.99,92.29,Home & Garden,91,1.098901098901099,100,0,10.482848367219182,2026-01-28,0,2026-04-28,0,0.0637044115304985,476.0,8.0,4.0,8.0,0.025210084033613446,3
69f07b2e3f2d6f94427a074b,07857da9-6207-4b24-8e7c-7ea40cbddc1a,2026-04-28 09:12:46.747,pelador frutas acero,MX,MX,es,"['google_trends', 'youtube', 'aliexpress']",MX,MXN,ES,38.511,75.61,Home & Garden,91,1.098901098901099,100,0,10.482848367219182,2026-01-28,0,2026-04-28,0,0.020703933747412,,,,,0.0,3
69f085783f2d6f94427a0843,bd371d23-dfe9-4e69-92b4-3163ccefbbef,2026-04-28 09:59:57.955,taza mezcladora automatica,MX,MX,es,"['google_trends', 'youtube', 'aliexpress']",MX,MXN,ES,38.5875,77.9875,Home & Garden,91,1.098901098901099,100,0,10.482848367219184,2026-01-28,0,2026-04-28,0,0.0031852205765249,467.0,2.0,1.0,4.0,0.006423982869379015,3
69f089043f2d6f94427a08af,107668dd-e6e7-4879-a50b-502c90a324f2,2026-04-28 10:15:39.149,molinillo cafe manual,MX,MX,es,"['google_trends', 'youtube', 'aliexpress']",MX,MXN,ES,4897.381666666667,57.71666666666667,Home & Garden,91,1.098901098901099,100,0,10.48284836721918,2026-01-28,0,2026-04-28,0,-0.062111801242236,3084.0,52.0,12.0,9.0,0.020752269779507133,2
69f08b1f3f2d6f94427a091e,5e0ed284-6234-44c9-8d77-a8c942518526,2026-04-28 10:24:12.092,cafetera portatil viaje,MX,MX,es,"['google_trends', 'youtube', 'aliexpress']",MX,MXN,ES,83.876,66.64,Home & Garden,91,1.098901098901099,100,0,10.482848367219182,2026-01-28,0,2026-04-28,0,0.0047778308647873,4043.0,87.0,21.0,19.0,0.02671283700222607,3
69f08d973f2d6f94427a099b,1e836f2d-c060-4660-8bb8-786cbbfacef8,2026-04-28 10:34:41.134,bascula cocina digital,MX,MX,es,"['google_trends', 'youtube', 'aliexpress']",MX,MXN,ES,46.04,94.52,Home & Garden,91,1.8131868131868127,100,0,10.641545510051198,2026-01-28,0,2026-04-28,0,0.0091097308488612,11226.0,59.0,2.0,17.0,0.005433814359522537,3
69f08e943f2d6f94427a0a16,564a0342-7e38-413a-980f-82acc19eaa92,2026-04-28 10:39:21.101,temporizador cocina digital,MX,MX,es,"['google_trends', 'youtube', 'aliexpress']",MX,MXN,ES,41.995,75.69,Home & Garden,91,1.098901098901099,100,0,10.482848367219182,2026-01-28,0,2026-04-28,0,0.0286669851887243,1057.0,12.0,4.0,11.0,0.015137180700094607,3
69f08fab3f2d6f94427a0a8b,2b9808d4-685a-4a82-bbe6-51b80b85b074,2026-04-28 10:43:43.126,sellador bolsas plastico,MX,MX,es,"['google_trends', 'youtube', 'aliexpress']",MX,MXN,ES,33.699,94.62,Home & Garden,91,2.043956043956044,100,0,13.750080474844976,2026-01-28,0,2026-04-28,0,0.1068960025481764,37663.0,290.0,1.0,3.0,0.007726415845790298,3
69f092793f2d6f94427a0af8,886b7bfd-806b-4efe-9f19-e3530241b319,2026-04-28 10:56:05.549,organizador refrigerador,MX,MX,es,"['google_trends', 'youtube', 'aliexpress']",MX,MXN,ES,49.732,72.4,Home & Garden,91,4.186813186813187,100,0,17.813797453978747,2026-01-28,0,2026-04-28,0,0.2368530020703934,1724.0,26.0,2.0,9.0,0.016241299303944315,3
69f094673f2d6f94427a0b6b,068c553d-6eac-4fcd-a497-926e06467fe3,2026-04-28 11:00:10.144,contenedores alimentos hermeticos,MX,MX,es,"['google_trends', 'youtube', 'aliexpress']",MX,MXN,ES,24.917,82.42,Home & Garden,91,2.076923076923077,100,0,13.955668517154011,2026-01-28,0,2026-04-28,0,-0.0678133460742156,3369.0,16.0,1.0,4.0,0.0050460077174235675,3
69f095b93f2d6f94427a0bd9,eb94d016-99ae-4875-8e8c-06517ea37169,2026-04-28 11:08:33.514,lonchera termica,MX,MX,es,"['google_trends', 'youtube', 'aliexpress']",MX,MXN,ES,100.92888888888888,93.92222222222222,Luggage & Bags,91,7.802197802197802,100,0,18.59702472035052,2026-01-28,0,2026-04-28,22,0.1232361841057493,981729.0,49532.0,343.0,26.0,0.05080322573744893,0
69f099a13f2d6f94427a0c5c,9faf7990-8017-467c-aed5-b47ab0289bbf,2026-04-28 11:26:30.985,soporte esponja fregadero,MX,MX,es,"['google_trends', 'youtube', 'aliexpress']",MX,MXN,ES,21.428,92.1,Home & Garden,91,1.098901098901099,100,0,10.482848367219182,2026-01-28,0,2026-04-28,0,0.0222965440356744,1.0,0.0,0.0,3.0,0.0,3
69f09abc3f2d6f94427a0cc9,fb9ff252-528c-4e59-8c3a-0e61896e6b9f,2026-04-28 11:30:50.185,cepillo limpieza cocina,MX,MX,es,"['google_trends', 'youtube', 'aliexpress']",MX,MXN,ES,17.913,92.49,Home & Garden,91,1.098901098901099,100,0,10.482848367219182,2026-01-28,0,2026-04-28,0,0.0445930880713489,272888.0,5021.0,172.0,44.0,0.01902978511330656,0
69f0a0e33f2d6f94427a0d5f,d5dec813-5d29-4e85-a07c-34a2eb41eb29,2026-04-28 11:52:02.178,tapete secado platos,MX,MX,es,"['google_trends', 'youtube', 'aliexpress']",MX,MXN,ES,51.961,68.38,Computer & Office,91,1.098901098901099,100,0,10.482848367219178,2026-01-28,0,2026-04-28,0,-0.041407867494824,253.0,0.0,4.0,4.0,0.015810276679841896,3
69f0a41f3f2d6f94427a0dcd,953b0147-9e40-45a7-afb2-c4aef1b3bd55,2026-04-28 12:10:46.277,cepillo wc silicona,MX,MX,es,"['google_trends', 'youtube', 'aliexpress']",MX,MXN,ES,37.6,92.9,Home & Garden,91,1.098901098901099,100,0,10.48284836721918,2026-01-28,0,2026-04-28,0,-0.0477783086478738,,,,,0.0,3
69f0a7033f2d6f94427a0e33,4d9910e0-6e05-4005-918a-d75c40d3d4c1,2026-04-28 12:23:42.289,mopa giratoria,MX,MX,es,"['google_trends', 'youtube', 'aliexpress']",MX,MXN,ES,23.15,64.26666666666667,Home & Garden,91,2.1868131868131866,100,0,14.668872627977391,2026-01-28,0,2026-04-28,0,-0.0236661888835801,37557.0,268.0,5.0,26.0,0.007268951194184839,3
69f0ab873f2d6f94427a0eb0,07189852-9877-4008-b838-dafeb8cc3c79,2026-04-28 12:41:39.876,organizador asiento coche,MX,MX,es,"['google_trends', 'youtube', 'aliexpress']",MX,MXN,ES,46.27166666666667,44.23333333333333,"Automobiles, Parts & Accessories",91,1.098901098901099,100,0,10.48284836721918,2026-01-28,0,2026-04-28,0,-0.0573339703774486,3649.0,43.0,4.0,13.0,0.012880241161962182,3
69f0b2d53f2d6f94427a0f23,285d1f6a-f939-45a6-a648-dde8bd7ac050,2026-04-28 13:09:24.190,inflador neumaticos portatil,MX,MX,es,"['google_trends', 'youtube', 'aliexpress']",MX,MXN,ES,154.64222222222222,87.80000000000001,"Automobiles, Parts & Accessories",91,2.10989010989011,100,0,14.16525526259434,2026-01-28,0,2026-04-28,0,0.0294314381270903,21267.0,488.0,68.0,22.0,0.026143790849673203,3
69f0b4bb3f2d6f94427a0fa2,4aec23dd-e968-451a-bd30-1d8a076f3efb,2026-04-28 13:18:26.288,medidor presion llantas,MX,MX,es,"['google_trends', 'youtube', 'aliexpress']",MX,MXN,ES,18.627,91.79,Tools,91,3.89010989010989,100,0,18.355411281720805,2026-01-28,0,2026-04-28,0,0.2037585602802994,310105.0,5084.0,232.0,10.0,0.017142580738782026,0
69f0b7213f2d6f94427a1016,ddb6393e-097f-4f7b-b631-f7d2a31a38ca,2026-04-28 13:31:11.056,sensor estacionamiento coche,MX,MX,es,"['google_trends', 'youtube', 'aliexpress']",MX,MXN,ES,20.3425,92.6375,Electronic Components & Supplies,91,1.098901098901099,100,0,10.482848367219184,2026-01-28,0,2026-04-28,0,0.0700748526835483,941030.0,10957.0,203.0,7.0,0.01185934561066066,0
69f0fa4a1b7131b72112f4b4,de571162-9fd0-4cb9-850f-204809d07908,2026-04-28 18:14:55.574,soporte monitor portatil,MX,MX,es,"['google_trends', 'youtube', 'aliexpress']",MX,MXN,ES,50.965,94.86,Home & Garden,31,3.225806451612903,100,0,17.96053020267749,2026-03-29,0,2026-04-28,0,0.4032258064516129,5271.0,144.0,21.0,5.0,0.03130335799658509,3
69f1b2224c6a786f03e3e74b,5cfe2ffe-852a-4713-9704-6d265ac4d7a6,2026-04-29 07:23:27.935,luz trasera bicicleta,MX,MX,es,"['google_trends', 'youtube', 'aliexpress']",MX,MXN,ES,21.099,91.56,Sports & Entertainment,91,1.7142857142857142,100,0,11.957597040548196,2026-01-29,0,2026-04-29,0,0.0865742952699474,9065.0,222.0,31.0,16.0,0.02790954219525648,3
69f1b4044c6a786f03e3e7c5,6035e8b2-541b-4bfe-96c0-c549121cd146,2026-04-29 07:31:30.358,reloj minimalista acero,MX,MX,es,"['google_trends', 'youtube', 'aliexpress']",MX,MXN,ES,42.57,77.1,Watches,91,2.098901098901099,100,0,14.09495965470947,2026-01-29,0,2026-04-29,0,-0.0207676381589425,,,,,0.0,3
69f1b5dc4c6a786f03e3e82f,e31cc944-da4c-4375-bddb-d494e06dae62,2026-04-29 07:35:33.624,reloj casual hombre,MX,MX,es,"['google_trends', 'youtube', 'aliexpress']",MX,MXN,ES,35.440999999999995,95.77,Watches,91,2.076923076923077,100,0,13.169181843506848,2026-01-29,0,2026-04-29,0,-0.0062111801242236,897.0,7.0,1.0,2.0,0.008918617614269788,3
69f1b6f54c6a786f03e3e89b,529c273c-4f3f-4d4b-baa0-01cb01633b5b,2026-04-29 07:43:34.413,reloj mujer elegante,MX,MX,es,"['google_trends', 'youtube', 'aliexpress']",MX,MXN,ES,31.322000000000003,91.48,Watches,91,7.912087912087912,100,0,24.386539252286223,2026-01-29,0,2026-04-29,0,0.4236661888835802,3455.0,85.0,4.0,21.0,0.025759768451519536,3
69f1b8644c6a786f03e3e91a,4948eb30-6c2c-4008-9dac-8bac675ae6f8,2026-04-29 07:48:18.524,reloj cronografo,MX,MX,es,"['google_trends', 'youtube', 'aliexpress']",MX,MXN,ES,53.166,89.13,Watches,91,7.967032967032967,100,0,23.32402221337504,2026-01-29,0,2026-04-29,0,0.4217391304347826,19878.0,923.0,24.0,15.0,0.047640607707012776,0
69f1ba504c6a786f03e3e993,4613eb16-6a65-4d1f-b9f2-ef6b5f95bf14,2026-04-29 07:58:27.584,reloj deportivo silicona,MX,MX,es,"['google_trends', 'youtube', 'aliexpress']",MX,MXN,ES,79.4,50.0,Watches,91,1.098901098901099,100,0,10.48284836721918,2026-01-29,0,2026-04-29,0,-0.0573339703774486,127.0,0.0,0.0,3.0,0.0,3
69f1bb454c6a786f03e3ea00,ac25dd6f-73b9-417f-adea-1eae0b0e1e14,2026-04-29 08:02:34.248,pulsera acero inoxidable,MX,MX,es,"['google_trends', 'youtube', 'aliexpress']",MX,MXN,ES,13.856,95.32,Jewelry & Accessories,91,2.8131868131868134,100,0,11.11846520974314,2026-01-29,0,2026-04-29,0,0.0644370122630992,102213.0,2928.0,147.0,43.0,0.030084235860409144,0
69f1bc654c6a786f03e3ea95,54064485-3b1f-486a-b23c-44a5c5f025f0,2026-04-29 08:06:47.607,pulsera cuero hombre,MX,MX,es,"['google_trends', 'youtube', 'aliexpress']",MX,MXN,ES,11.626,93.88,Watches,91,1.098901098901099,100,0,10.482848367219182,2026-01-29,0,2026-04-29,0,0.062111801242236,125.0,4.0,2.0,5.0,0.048,3
69f1bd5f4c6a786f03e3eb04,342043b8-b3de-4ef3-96e1-5299ab5a02ec,2026-04-29 08:11:17.695,anillo acero inoxidable,MX,MX,es,"['google_trends', 'youtube', 'aliexpress']",MX,MXN,ES,8.228,95.59,Jewelry & Accessories,91,2.681318681318681,100,0,11.027117202483783,2026-01-29,0,2026-04-29,0,0.1039496735148909,81860.0,1886.0,91.0,43.0,0.02415098949425849,0
69f1c1eb4c6a786f03e3eb99,bc31ff47-a9c2-4b45-976f-581293fa708f,2026-04-29 08:29:32.112,aretes acero inoxidable,MX,MX,es,"['google_trends', 'youtube', 'aliexpress']",MX,MXN,ES,13.094,95.72,Jewelry & Accessories,91,10.978021978021978,100,0,26.569396773973715,2026-01-29,0,2026-04-29,98,0.602420767638159,83052.0,2237.0,129.0,45.0,0.028488176082454367,0
69f1c4724c6a786f03e3ec30,bb7adc75-9a31-42bf-823c-cfd33350ad87,2026-04-29 08:39:07.601,joyero portatil viaje,MX,MX,es,"['google_trends', 'youtube', 'aliexpress']",MX,MXN,ES,28.71,86.62,Jewelry & Accessories,91,1.098901098901099,100,0,10.482848367219182,2026-01-29,0,2026-04-29,0,0.041407867494824,,,,,0.0,3
69f1c9504c6a786f03e3ec9a,feb7973c-e596-47a3-8a38-6851505e3c4b,2026-04-29 09:01:53.260,rodillera deportiva,MX,MX,es,"['google_trends', 'youtube', 'aliexpress']",MX,MXN,ES,27.065,94.79,Sports & Entertainment,91,1.2307692307692308,100,0,10.506164246740443,2026-01-29,0,2026-04-29,0,0.0050007963051441,235181.0,1651.0,61.0,21.0,0.007279499619442047,3
69f1cc8e4c6a786f03e3ed19,621e1aea-495a-4b31-ba73-97b8a32afb55,2026-04-29 09:10:27.928,muñequera deportiva,MX,MX,es,"['google_trends', 'youtube', 'aliexpress']",MX,MXN,ES,13.386,94.4,Sports & Entertainment,91,1.934065934065934,100,0,13.096057250436694,2026-01-29,0,2026-04-29,0,0.1068960025481764,300661.0,4046.0,10.0,4.0,0.013490276424278507,0
69f1ced14c6a786f03e3ed87,daa508a3-7d4c-444e-828f-eee269d8c0e9,2026-04-29 09:20:22.156,cinturon fitness,MX,MX,es,"['google_trends', 'youtube', 'aliexpress']",MX,MXN,ES,39.997,92.78,Sports & Entertainment,91,1.098901098901099,100,0,10.48284836721918,2026-01-29,0,2026-04-29,0,-0.0270743749004618,9597.0,160.0,4.0,10.0,0.017088673543815776,3
69f1cfed4c6a786f03e3edfb,ea20c7bd-a6f3-46cb-b61c-be9d7aa5851e,2026-04-29 09:30:01.977,cuerda saltar profesional,MX,MX,es,"['google_trends', 'youtube', 'aliexpress']",MX,MXN,ES,39.23,94.66666666666669,Sports & Entertainment,91,1.098901098901099,100,0,10.482848367219184,2026-01-29,0,2026-04-29,0,0.0684822423952858,66567.0,2730.0,137.0,6.0,0.04306938873616056,0
69f1d5f04c6a786f03e3eee3,ed927ead-42b2-48f2-8f8f-398e2b07e0ca,2026-04-29 09:55:43.314,pesas tobillo ajustables,MX,MX,es,"['google_trends', 'youtube', 'aliexpress']",MX,MXN,ES,75.99666666666667,57.04444444444445,Sports & Entertainment,91,1.098901098901099,100,0,10.48284836721918,2026-01-29,0,2026-04-29,0,-0.062111801242236,,,,,0.0,3
69f1dac34c6a786f03e3ef4c,b8979f26-1dce-46bf-abf1-e458c8dd12ac,2026-04-29 10:16:53.038,botella shaker gimnasio,MX,MX,es,"['google_trends', 'youtube', 'aliexpress']",MX,MXN,ES,90.884,66.85,Home & Garden,91,1.098901098901099,100,0,10.482848367219182,2026-01-29,0,2026-04-29,0,0.0159261028826246,3968.0,32.0,0.0,6.0,0.008064516129032258,3
69f1dcdf4c6a786f03e3efbc,67201951-fb0f-4379-a015-9a0b5ccb811b,2026-04-29 10:25:22.234,pastillero semanal,MX,MX,es,"['google_trends', 'youtube', 'aliexpress']",MX,MXN,ES,33.251999999999995,95.41,Beauty & Health,91,1.098901098901099,100,0,10.482848367219184,2026-01-29,0,2026-04-29,0,0.0684822423952858,58151.0,187.0,2.0,6.0,0.0032501590686316657,3
69f1e2534c6a786f03e3f02c,04f24c90-868f-4df7-b969-59cfde1d9e54,2026-04-29 10:47:20.693,marcador paginas magnetico,MX,MX,es,"['google_trends', 'youtube', 'aliexpress']",MX,MXN,ES,24.337,85.5,Office & School Supplies,91,1.098901098901099,100,0,10.48284836721918,2026-01-29,0,2026-04-29,0,-0.0398152572065615,8794.0,1092.0,119.0,3.0,0.13770752785990448,0
69f1eaa04c6a786f03e3f099,fd3a14ab-5167-4d76-9326-6b6944a67603,2026-04-29 11:21:47.654,cojin lumbar silla,MX,MX,es,"['google_trends', 'youtube', 'aliexpress']",MX,MXN,ES,171.972,91.7,Home & Garden,91,1.164835164835165,100,0,10.494722204003027,2026-01-29,0,2026-04-29,0,0.0382863513298296,43.0,0.0,5.0,4.0,0.11627906976744186,0
69f1efb8522f6bea7501f36b,a04100b4-60c4-4d35-9d1f-dec33d39b327,2026-04-29 11:44:53.868,Pelador de papas,MX,MX,es,"['google_trends', 'youtube', 'aliexpress']",MX,MXN,ES,70.917,91.31,Home & Garden,31,8.96774193548387,100,0,27.99462313965278,2026-03-30,0,2026-04-29,0,0.6266129032258064,37.0,0.0,0.0,2.0,0.0,3
69f1f1d54c6a786f03e3f107,8b38466a-5f11-402a-b9e8-10f5a1bd4cc2,2026-04-29 11:52:42.632,regleta enchufes multiple,MX,MX,es,"['google_trends', 'youtube', 'aliexpress']",MX,MXN,ES,24.759,94.37,Computer & Office,91,1.098901098901099,100,0,10.482848367219182,2026-01-29,0,2026-04-29,0,-0.0095556617295747,1656593.0,25109.0,225.0,8.0,0.015292832940861152,0
69f1f2a4522f6bea7501f39b,7ed6bc55-b277-458b-9588-6153ba726d83,2026-04-29 11:58:08.678,aro de luz,MX,MX,es,"['google_trends', 'youtube', 'aliexpress']",MX,MXN,ES,23.551,91.89,Consumer Electronics,31,28.806451612903224,100,0,28.77547492204511,2026-03-30,0,2026-04-29,39,0.8979838709677419,122742.0,10951.0,420.0,43.0,0.09264147561551873,0
69f1f2c74c6a786f03e3f179,178f7d29-8ae2-4d4a-81fe-4ec8dce8593b,2026-04-29 11:59:26.037,temporizador enchufe digital,MX,MX,es,"['google_trends', 'youtube', 'aliexpress']",MX,MXN,ES,52.126666666666665,75.13333333333334,Tools,91,1.098901098901099,100,0,10.482848367219182,2026-01-29,0,2026-04-29,0,0.0557413600891861,1316.0,26.0,0.0,2.0,0.019756838905775075,3
69f1f4334c6a786f03e3f1e4,6e836f74-01cb-4ec3-9f07-52cbdd00c860,2026-04-29 12:03:27.185,medidor consumo energia,MX,MX,es,"['google_trends', 'youtube', 'aliexpress']",MX,MXN,ES,99.216,67.85,Tools,91,1.098901098901099,100,0,10.482848367219182,2026-01-29,0,2026-04-29,0,0.0509635292243988,70905.0,1438.0,83.0,44.0,0.02145123757139835,3
69f1f6cd522f6bea7501f459,4ac92e60-657c-44c5-b215-82011997bd43,2026-04-29 12:13:23.444,humidificador de aire,MX,MX,es,"['google_trends', 'youtube', 'aliexpress']",MX,MXN,ES,550.788,34.15,Home Appliances,31,30.32258064516129,100,0,33.64063722818401,2026-03-30,0,2026-04-29,100,3.227822580645161,14439.0,70.0,8.0,10.0,0.0054020361520880945,2
69f1f7d44c6a786f03e3f27a,81eb11bb-f588-446d-b952-7ab4a207bade,2026-04-29 12:20:17.491,camara seguridad interior,MX,MX,es,"['google_trends', 'youtube', 'aliexpress']",MX,MXN,ES,95.136,73.9,Security & Protection,91,3.956043956043956,100,0,18.645173392663605,2026-01-29,0,2026-04-29,0,0.2315018315018314,23842.0,572.0,68.0,15.0,0.026843385622011575,3
69f1f8d24c6a786f03e3f2f3,6275c4fa-b0ec-49ba-b8cf-1a8ac074b748,2026-04-29 12:25:00.590,timbre inalambrico casa,MX,MX,es,"['google_trends', 'youtube', 'aliexpress']",MX,MXN,ES,40.043,91.17,Home Improvement,91,1.098901098901099,100,0,10.482848367219184,2026-01-29,0,2026-04-29,0,0.0652970218187609,2276.0,24.0,5.0,4.0,0.012741652021089631,3
69f1fa804c6a786f03e3f361,c2012fc1-41c6-45e9-ae21-04a68d696786,2026-04-29 12:29:14.360,cerradura digital hogar,MX,MX,es,"['google_trends', 'youtube', 'aliexpress']",MX,MXN,ES,39.014,83.52000000000001,Home Improvement,91,1.098901098901099,100,0,10.482848367219184,2026-01-29,0,2026-04-29,0,0.0700748526835483,21594.0,277.0,83.0,29.0,0.01667129758266185,3
69f1fc184c6a786f03e3f3e8,e528b370-a7d3-4863-8ef0-a4d79b1b436c,2026-04-29 12:36:28.470,caja fuerte pequeña,MX,MX,es,"['google_trends', 'youtube', 'aliexpress']",MX,MXN,ES,40.231,93.44,Home & Garden,91,2.571428571428572,100,0,14.61744988942466,2026-01-29,0,2026-04-29,0,-0.0476986781334607,177696.0,3808.0,157.0,14.0,0.022313389159013146,0
69f1fc1d522f6bea7501f491,af7be995-54ad-4aee-8b27-89cc421faf5f,2026-04-29 12:35:14.898,organizador de cables,MX,MX,es,"['google_trends', 'youtube', 'aliexpress']",MX,MXN,ES,21.539,96.8,Consumer Electronics,31,29.677419354838708,100,0,36.18691024553325,2026-03-30,0,2026-04-29,0,2.71733870967742,1018.0,15.0,2.0,6.0,0.01669941060903733,1
69f1fd1d522f6bea7501f4c5,e892dd66-155c-4a42-8c16-2e4a65d6c275,2026-04-29 12:43:03.539,organizador de cajones,MX,MX,es,"['google_trends', 'youtube', 'aliexpress']",MX,MXN,ES,24.416,90.78,Home & Garden,31,29.580645161290324,100,0,34.380007944102616,2026-03-30,0,2026-04-29,100,2.894354838709677,22746.0,621.0,18.0,32.0,0.028092851490371933,1
69f1ffb7522f6bea7501f558,409c92bb-64c2-42f9-979b-96e05045efdd,2026-04-29 12:53:08.565,protector de pantalla,MX,MX,es,"['google_trends', 'youtube', 'aliexpress']",MX,MXN,ES,8.600999999999999,93.09,Phones & Telecommunications Accessories,31,62.70967741935484,100,0,20.36368262108976,2026-03-30,100,2026-04-29,65,-0.2100806451612903,3295.0,47.0,33.0,9.0,0.024279210925644917,3
69f201994c6a786f03e3f460,b64dbbdc-c86d-41a1-be45-22a0a81f772b,2026-04-29 13:01:16.061,alfombra entrada antideslizante,MX,MX,es,"['google_trends', 'youtube', 'aliexpress']",MX,MXN,ES,56.30800000000001,63.74,Home & Garden,91,1.098901098901099,100,0,10.482848367219182,2026-01-29,0,2026-04-29,0,0.0127408823060996,628.0,5.0,6.0,5.0,0.01751592356687898,3
69f201c5522f6bea7501f58f,76e9f6bf-6bef-4c21-9060-5540f74c4294,2026-04-29 12:58:26.154,cerradura inteligente,MX,MX,es,"['google_trends', 'youtube', 'aliexpress']",MX,MXN,ES,40.776,91.52,Security & Protection,31,25.64516129032258,100,0,26.696502126804024,2026-03-30,0,2026-04-29,29,1.4076612903225807,3321.0,34.0,4.0,20.0,0.011442336645588679,3
69f202e6522f6bea7501f5d1,95aadcdd-1f8b-478e-8c40-0f9c029a26cc,2026-04-29 13:07:13.117,candado inteligente,MX,MX,es,"['google_trends', 'youtube', 'aliexpress']",MX,MXN,ES,71.935,94.97,Home Improvement,31,3.225806451612903,100,0,17.96053020267749,2026-03-30,0,2026-04-29,0,-0.5645161290322583,52574.0,443.0,25.0,6.0,0.008901738501921101,3
69f204cb522f6bea7501f605,19277eba-8a7f-4528-bfbc-ba437de8ac63,2026-04-29 13:12:22.059,rizador de cabello,MX,MX,es,"['google_trends', 'youtube', 'aliexpress']",MX,MXN,ES,23.305,92.75,Beauty & Health,31,5.935483870967742,100,0,17.871645109634738,2026-03-30,0,2026-04-29,0,0.0677419354838709,528982.0,17297.0,290.0,43.0,0.033246877965601856,0
69f208a2522f6bea7501f65e,5bc8ff63-7733-43ad-8901-1935beaf283f,2026-04-29 13:27:37.035,depilador facial,MX,MX,es,"['google_trends', 'youtube', 'aliexpress']",MX,MXN,ES,64.014,77.27000000000001,Beauty & Health,31,3.225806451612903,100,0,17.96053020267749,2026-03-30,0,2026-04-29,0,0.3629032258064517,125639.0,3246.0,141.0,10.0,0.026958189734079385,0
69f21156522f6bea7501f696,6be0e192-eac0-44d5-a2cc-66da6dadf200,2026-04-29 14:06:31.603,espejo de maquillaje,MX,MX,es,"['google_trends', 'youtube', 'aliexpress']",MX,MXN,ES,22.926,91.94,Beauty & Health,31,34.70967741935484,100,0,40.25352452343943,2026-03-30,0,2026-04-29,0,3.368951612903226,102920.0,1929.0,177.0,41.0,0.020462495141857752,1
69f21859522f6bea7501f6ed,a6e377a8-c218-4461-b583-c2b1ae6b3b11,2026-04-29 14:38:16.850,cojin lumbar,MX,MX,es,"['google_trends', 'youtube', 'aliexpress']",MX,MXN,ES,76.909,91.7,Beauty & Health,31,29.193548387096776,100,0,38.49798207251796,2026-03-30,0,2026-04-29,0,2.580645161290322,493.0,51.0,15.0,6.0,0.13387423935091278,0
69f218604c6a786f03e3f4cf,8e569ad4-d424-459a-a222-e9548e709405,2026-04-29 14:32:52.837,faja lumbar soporte,MX,MX,es,"['google_trends', 'youtube', 'aliexpress']",MX,MXN,ES,58.991,88.71000000000001,Underwear,91,7.604395604395604,100,0,25.015497028344083,2026-01-29,0,2026-04-29,0,0.3972288580984233,8565.0,124.0,6.0,10.0,0.015178050204319907,3
69f21943522f6bea7501f721,4a30cf04-5a31-472f-b6f6-681ddd60ff09,2026-04-29 14:43:32.663,soporte para laptop,MX,MX,es,"['google_trends', 'youtube', 'aliexpress']",MX,MXN,ES,117.328,69.3,Computer & Office,31,37.38709677419355,100,0,40.51968856358995,2026-03-30,0,2026-04-29,69,3.6548387096774193,6759.0,76.0,20.0,10.0,0.014203284509542832,1
69f21b29522f6bea7501f759,93a8b006-b2b4-4f5e-aea1-ec84b8a48632,2026-04-29 14:47:28.252,soporte para monitor,MX,MX,es,"['google_trends', 'youtube', 'aliexpress']",MX,MXN,ES,46.887,95.46,"Automobiles, Parts & Accessories",31,14.03225806451613,100,0,19.66635684100768,2026-03-30,0,2026-04-29,19,0.9822580645161292,100318.0,8039.0,331.0,12.0,0.08343467772483502,0
69f21cc1522f6bea7501f793,5a83232e-730d-4102-b5f3-c3db59dd9b85,2026-04-29 14:55:33.565,auriculares bluetooth,MX,MX,es,"['google_trends', 'youtube', 'aliexpress']",MX,MXN,ES,120.93300000000002,92.8,Consumer Electronics,31,25.35483870967742,100,0,27.596555808164144,2026-03-30,0,2026-04-29,41,1.5637096774193548,7756.0,168.0,8.0,13.0,0.022692109334708613,3
69f21eac522f6bea7501f7ce,186cc4b7-e33a-4edc-bc52-af2cedd3e90b,2026-04-29 15:02:21.305,altavoz bluetooth,MX,MX,es,"['google_trends', 'youtube', 'aliexpress']",MX,MXN,ES,141.186,92.36,Consumer Electronics,31,17.29032258064516,100,0,23.668817106602656,2026-03-30,0,2026-04-29,27,0.9286290322580644,6681.0,216.0,16.0,6.0,0.034725340517886547,3
69f221ea522f6bea7501f802,8e1d754a-dac5-4ea0-a274-a44f11cac242,2026-04-29 15:17:59.592,reloj digital,MX,MX,es,"['google_trends', 'youtube', 'aliexpress']",MX,MXN,ES,22.136000000000003,88.63000000000001,Tools,31,71.3225806451613,100,0,25.781630536455204,2026-03-30,93,2026-04-29,83,0.9576612903225808,6397.0,92.0,4.0,8.0,0.015007034547444115,3
69f224fd522f6bea7501f838,bb6e269b-1d73-4799-8a70-ba2e445f55a5,2026-04-29 15:31:45.783,bascula digital,MX,MX,es,"['google_trends', 'youtube', 'aliexpress']",MX,MXN,ES,49.826,93.86,Home & Garden,31,67.45161290322581,100,0,31.440778944631152,2026-03-30,100,2026-04-29,53,0.6879032258064518,13856.0,97.0,10.0,25.0,0.00772228637413395,3
69f2265c522f6bea7501f87f,3da517c4-3cbc-4021-aa49-2bf0264921e7,2026-04-29 15:37:29.486,linterna recargable,MX,MX,es,"['google_trends', 'youtube', 'aliexpress']",MX,MXN,ES,34.526,93.3,Consumer Electronics,31,34.03225806451613,100,0,37.68950682525818,2026-03-30,0,2026-04-29,60,3.359677419354839,4059.0,112.0,20.0,13.0,0.032520325203252036,1
69f228a0522f6bea7501f8ba,2c98a195-a4a0-48b8-b1fe-88b6af001029,2026-04-29 15:43:20.382,sensor de movimiento,MX,MX,es,"['google_trends', 'youtube', 'aliexpress']",MX,MXN,ES,46.369,94.79,Lights & Lighting,31,59.064516129032256,100,0,30.831732013053223,2026-03-30,0,2026-04-29,58,1.4383064516129032,81763.0,1513.0,24.0,22.0,0.01879823391998826,1
69f229df522f6bea7501f8fe,4f68c22e-4cf3-427a-9f70-4783ec014037,2026-04-29 15:53:00.510,cargador inalambrico,MX,MX,es,"['google_trends', 'youtube', 'aliexpress']",MX,MXN,ES,78.75444444444445,92.27777777777776,Phones & Telecommunications Accessories,31,53.0,100,0,23.899790794063456,2026-03-30,69,2026-04-29,46,0.0584677419354838,270551.0,6971.0,167.0,6.0,0.026383195774548975,0
69f22ffccf0416c699ae8621,f749d5ac-276e-44b9-b959-078711ffbfde,2026-04-29 16:18:35.157,corrector juanetes,MX,MX,es,"['google_trends', 'youtube', 'aliexpress']",MX,MXN,ES,12.074444444444444,91.45555555555556,Beauty & Health,91,1.5054945054945057,100,0,10.524441000065432,2026-01-29,0,2026-04-29,0,-0.0477305303392259,1519.0,7.0,1.0,1.0,0.005266622778143515,3
69f23121cf0416c699ae868b,0bd5dedc-947d-4d3b-899f-7c81f1b72c40,2026-04-29 16:23:31.232,separador dedos pie,MX,MX,es,"['google_trends', 'youtube', 'aliexpress']",MX,MXN,ES,8.839,94.11,Beauty & Health,91,2.3846153846153846,100,0,13.96087328593677,2026-01-29,0,2026-04-29,0,0.0741519350215002,91800.0,749.0,26.0,5.0,0.008442265795206972,3
69f232ba522f6bea7501f931,0fcdc2ea-0ace-4e86-8e95-727d4405083a,2026-04-29 16:31:32.672,lapiz digital,MX,MX,es,"['google_trends', 'youtube', 'aliexpress']",MX,MXN,ES,57.089,94.37,Tools,31,27.12903225806452,100,0,36.1669664523525,2026-03-30,0,2026-04-29,0,2.588709677419355,8383.0,634.0,84.0,6.0,0.08564952880830251,0
69f23518cf0416c699ae86fa,f1b02233-c125-4264-abab-4d50af2eebcc,2026-04-29 16:42:20.221,oximetro pulso digital,MX,MX,es,"['google_trends', 'youtube', 'aliexpress']",MX,MXN,ES,130.03,0.0,Beauty & Health,91,1.098901098901099,100,0,10.48284836721918,2026-01-29,100,2026-04-29,0,-0.0716674629718107,5.0,0.0,0.0,2.0,0.0,2
69f2367d522f6bea7501f965,310bd1d1-d694-47f3-9348-e42390aeb42e,2026-04-29 16:43:29.513,soporte para bicicleta,MX,MX,es,"['google_trends', 'youtube', 'aliexpress']",MX,MXN,ES,50.454,95.03,Sports & Entertainment,31,34.774193548387096,100,0,37.90488946245973,2026-03-30,0,2026-04-29,59,3.4935483870967743,8852.0,190.0,48.0,10.0,0.026886579304112066,1
69f23b26522f6bea7501f99d,ac1c49ac-2035-4389-8fb1-0d9065510740,2026-04-29 17:06:47.948,bolsa termica,MX,MX,es,"['google_trends', 'youtube', 'aliexpress']",MX,MXN,ES,39.835,93.66,Consumer Electronics,31,39.935483870967744,100,0,42.48916370391473,2026-03-30,0,2026-04-29,100,4.003629032258065,33591.0,786.0,11.0,5.0,0.023726593432764728,1
69f23e46522f6bea7501f9d0,ccd91b57-5bbc-4850-a2b7-90a7d60dd042,2026-04-29 17:19:23.592,mini ventilador,MX,MX,es,"['google_trends', 'youtube', 'aliexpress']",MX,MXN,ES,59.15,91.6,Home Appliances,31,27.774193548387096,100,0,31.27587960651611,2026-03-30,0,2026-04-29,82,2.423387096774193,1181.0,5.0,0.0,1.0,0.004233700254022015,1
69f240ed522f6bea7501f9ff,53af0240-4b36-45b5-a8d7-a658537187fe,2026-04-29 17:32:45.602,cargador solar,MX,MX,es,"['google_trends', 'youtube', 'aliexpress']",MX,MXN,ES,51.052,92.24,Lights & Lighting,31,11.419354838709678,100,0,18.60067058566865,2026-03-30,0,2026-04-29,23,0.6625000000000001,6909.0,318.0,18.0,5.0,0.0486322188449848,0
69f240fbcf0416c699ae875d,e8fe45e0-a215-400e-8582-7207428a70bf,2026-04-29 17:31:37.403,vinilos decorativos pared,MX,MX,es,"['google_trends', 'youtube', 'aliexpress']",MX,MXN,ES,19.909,30.0,Home & Garden,91,2.10989010989011,100,0,14.16525526259434,2026-01-29,0,2026-04-29,0,-0.0686733556298773,23412.0,506.0,36.0,14.0,0.02315052110029045,3
69f24228cf0416c699ae87d5,d77c38b5-3f84-4926-bc8b-cf827883eaec,2026-04-29 17:36:03.656,reloj pared moderno,MX,MX,es,"['google_trends', 'youtube', 'aliexpress']",MX,MXN,ES,127.387,91.45,Lights & Lighting,91,1.098901098901099,100,0,10.482848367219184,2026-01-29,0,2026-04-29,0,0.0652970218187609,214.0,0.0,4.0,4.0,0.018691588785046728,3
69f2428e522f6bea7501fa32,85055f56-ed10-4a46-ac93-d0ec974cbf1a,2026-04-29 17:36:39.670,reloj inteligente,MX,MX,es,"['google_trends', 'youtube', 'aliexpress']",MX,MXN,ES,19.677,90.85,Tools,31,77.93548387096774,100,55,12.099409032044964,2026-03-30,100,2026-04-29,67,-0.1701612903225806,104548.0,122.0,0.0,6.0,0.0011669281095764625,3
69f2457c522f6bea7501fa66,a2f77afb-dbd1-4c2b-af6f-d19863d33002,2026-04-29 17:47:55.253,termo acero inoxidable,MX,MX,es,"['google_trends', 'youtube', 'aliexpress']",MX,MXN,ES,76.81666666666666,0.0,Home & Garden,31,36.0,100,0,39.10924869303083,2026-03-30,0,2026-04-29,93,3.853629032258064,149314.0,701.0,77.0,41.0,0.005210496001714508,2
69f246fe522f6bea7501fab6,ec355ac0-2a21-4732-b8b2-fa8569042b03,2026-04-29 17:56:10.026,botella deportiva,MX,MX,es,"['google_trends', 'youtube', 'aliexpress']",MX,MXN,ES,39.577777777777776,94.5888888888889,Sports & Entertainment,31,10.193548387096774,100,0,27.342786196531755,2026-03-30,0,2026-04-29,0,1.107258064516129,30273.0,321.0,2.0,4.0,0.01066957354738546,3
69f24886522f6bea7501fae7,be80034e-2701-4f0d-b920-0dd575c37a33,2026-04-29 18:02:32.240,licuadora portatil,MX,MX,es,"['google_trends', 'youtube', 'aliexpress']",MX,MXN,ES,29.006,91.38,Home & Garden,31,38.903225806451616,100,0,41.439397388402966,2026-03-30,0,2026-04-29,85,3.941532258064516,2343.0,17.0,50.0,38.0,0.028595817328211693,1
69f2498f522f6bea7501fb3b,39a12dca-32bf-499e-92bc-8cef51279fac,2026-04-29 18:09:07.287,batidora de mano,MX,MX,es,"['google_trends', 'youtube', 'aliexpress']",MX,MXN,ES,15.535999999999998,88.91,Home & Garden,31,34.483870967741936,100,0,37.021499130227866,2026-03-30,0,2026-04-29,54,3.452822580645162,1841.0,11.0,34.0,33.0,0.024443237370994023,1
69f24a84522f6bea7501fb8a,d4e74b12-cc69-4af6-8a87-0c1388fae77a,2026-04-29 18:13:32.505,sarten antiadherente,MX,MX,es,"['google_trends', 'youtube', 'aliexpress']",MX,MXN,ES,38.376,90.1,Home & Garden,31,34.54838709677419,100,0,37.30490469065019,2026-03-30,0,2026-04-29,55,3.349999999999999,890611.0,11769.0,99.0,26.0,0.01332568315459836,1
69f24c55522f6bea7501fbd2,283dd5e7-5401-4ed6-9702-3ff339b99462,2026-04-29 18:17:37.242,olla a presion,MX,MX,es,"['google_trends', 'youtube', 'aliexpress']",MX,MXN,ES,195.529,93.03,Home & Garden,31,35.38709677419355,100,0,40.81884974645484,2026-03-30,0,2026-04-29,0,3.2923387096774195,90676.0,2114.0,138.0,42.0,0.024835678680135868,1
69f24d5d522f6bea7501fc2a,cc0678a8-4cbc-4769-ae7a-1c4a775e480f,2026-04-29 18:25:23.215,juego de cuchillos,MX,MX,es,"['google_trends', 'youtube', 'aliexpress']",MX,MXN,ES,23.889,94.25,Tools,31,37.03225806451613,100,0,42.26305231993839,2026-03-30,0,2026-04-29,0,3.5939516129032256,1847.0,6.0,0.0,1.0,0.0032485110990795887,1
69f24f24522f6bea7501fc59,a5807c92-f84a-430f-acff-f673f202312a,2026-04-29 18:34:10.173,dispensador de jabon,MX,MX,es,"['google_trends', 'youtube', 'aliexpress']",MX,MXN,ES,58.748000000000005,94.02,Home & Garden,31,26.90322580645161,100,0,28.437480946466497,2026-03-30,0,2026-04-29,33,2.31774193548387,35931.0,101.0,2.0,3.0,0.0028666054382009963,1
69f2502e522f6bea7501fc8a,badfcfde-702c-486b-8b81-737b15110e13,2026-04-29 18:37:18.188,organizador de escritorio,MX,MX,es,"['google_trends', 'youtube', 'aliexpress']",MX,MXN,ES,21.217,91.0,Home & Garden,31,18.161290322580644,100,0,22.500513733681057,2026-03-30,0,2026-04-29,28,1.2846774193548385,24557.0,388.0,12.0,21.0,0.01628863460520422,3
69f25134522f6bea7501fccd,b3f93233-6e81-4406-bd31-5851b5015557,2026-04-29 18:41:46.054,lampara de mesa,MX,MX,es,"['google_trends', 'youtube', 'aliexpress']",MX,MXN,ES,325.973,89.4,Lights & Lighting,31,22.516129032258064,100,0,25.17653797717488,2026-03-30,0,2026-04-29,35,1.886290322580645,102932.0,1640.0,29.0,25.0,0.016214588271868807,1
69f2523c522f6bea7501fd14,a75a1bf8-705e-4e4e-beb0-146490e68f06,2026-04-29 18:46:07.962,lampara led,MX,MX,es,"['google_trends', 'youtube', 'aliexpress']",MX,MXN,ES,36.426,92.32,Lights & Lighting,31,74.38709677419355,100,43,13.91085288388132,2026-03-30,96,2026-04-29,64,-0.3850806451612904,202151.0,6756.0,91.0,8.0,0.03387072040207568,0
69f25367522f6bea7501fd4a,b68a4846-baf1-4e92-9b3a-ad228c5d3cb4,2026-04-29 18:50:30.723,foco inteligente,MX,MX,es,"['google_trends', 'youtube', 'aliexpress']",MX,MXN,ES,50.67,93.29,Lights & Lighting,31,19.806451612903224,100,0,23.07728949254181,2026-03-30,0,2026-04-29,44,1.3947580645161295,5219.0,66.0,3.0,15.0,0.013220923548572523,3
69f255a2522f6bea7501fd87,2d4b6b25-a7d2-4c3e-9a4d-5d7d59a36ef3,2026-04-29 18:55:30.107,enchufe inteligente,MX,MX,es,"['google_trends', 'youtube', 'aliexpress']",MX,MXN,ES,16.347,92.23,Phones & Telecommunications Accessories,31,31.225806451612904,100,0,36.212069514108464,2026-03-30,0,2026-04-29,99,3.098790322580645,183464.0,2668.0,136.0,23.0,0.015283652378668295,1
69f25697522f6bea7501fdcc,7ffd1b6e-8d9f-4f34-ab90-582554f78482,2026-04-29 19:05:03.796,tripode para camara,MX,MX,es,"['google_trends', 'youtube', 'aliexpress']",MX,MXN,ES,133.73333333333332,75.33333333333333,Consumer Electronics,31,7.354838709677419,100,0,23.48552516919982,2026-03-30,0,2026-04-29,0,0.4241935483870969,1497.0,45.0,14.0,7.0,0.0394121576486306,3
69f25783522f6bea7501fdfd,641b8640-f231-4076-9faf-0069d03493a5,2026-04-29 19:09:06.220,estabilizador movil,MX,MX,es,"['google_trends', 'youtube', 'aliexpress']",MX,MXN,ES,86.244,66.74,Consumer Electronics,31,3.225806451612903,100,0,17.96053020267749,2026-03-30,0,2026-04-29,0,0.4032258064516129,21169.0,248.0,12.0,16.0,0.012282110633473476,3
69f25876522f6bea7501fe3b,c10b55fc-4291-4728-af59-bbe717fd402e,2026-04-29 19:13:03.026,soporte para celular,MX,MX,es,"['google_trends', 'youtube', 'aliexpress']",MX,MXN,ES,48.575,63.370000000000005,Computer & Office,31,48.83870967741935,100,0,31.274160552756165,2026-03-30,75,2026-04-29,65,0.640725806451613,48379.0,1065.0,10.0,21.0,0.02222038487773621,3
69f25963522f6bea7501fe7e,a9fe76c6-c064-4148-bf48-8340fbe1e8fd,2026-04-29 19:17:07.091,cable hdmi,MX,MX,es,"['google_trends', 'youtube', 'aliexpress']",MX,MXN,ES,24.034,97.25,Consumer Electronics,31,72.03225806451613,100,55,11.31513402768682,2026-03-30,96,2026-04-29,62,-0.5137096774193549,67644.0,3736.0,41.0,3.0,0.05583643782153628,0
69f25a77522f6bea7501feaf,9523c39e-c872-4f8e-86ec-aa48ba5dc12e,2026-04-29 19:21:01.626,adaptador usb c,MX,MX,es,"['google_trends', 'youtube', 'aliexpress']",MX,MXN,ES,7.359,94.99,Phones & Telecommunications Accessories,31,62.25806451612903,100,0,23.154506749134157,2026-03-30,80,2026-04-29,61,-0.1370967741935483,16759.0,402.0,5.0,2.0,0.024285458559579927,3
69f25b86522f6bea7501fedf,cb309298-a7fc-4c07-b857-2ca9b1886406,2026-04-29 19:25:37.190,memoria micro sd,MX,MX,es,"['google_trends', 'youtube', 'aliexpress']",MX,MXN,ES,28.48,93.26,Computer & Office,31,47.67741935483871,100,0,32.845483806021385,2026-03-30,0,2026-04-29,54,1.2544354838709677,3662.0,106.0,9.0,8.0,0.031403604587657015,3
69f25c6c522f6bea7501ff15,5e77e726-efa6-4d1d-8e02-fe6b917cad11,2026-04-29 19:30:09.365,disco duro externo,MX,MX,es,"['google_trends', 'youtube', 'aliexpress']",MX,MXN,ES,193.538,93.71,Computer & Office,31,70.87096774193549,100,46,13.04541282209669,2026-03-30,67,2026-04-29,62,-0.1790322580645161,10772.0,203.0,58.0,28.0,0.02422948384701077,3
69f25d74522f6bea7501ff5f,51610126-c2a7-4449-9952-645aeebfce85,2026-04-29 19:34:00.758,ssd portatil,MX,MX,es,"['google_trends', 'youtube', 'aliexpress']",MX,MXN,ES,28.01222222222222,95.83333333333331,Computer & Office,31,26.83870967741936,100,0,37.34800019116914,2026-03-30,0,2026-04-29,73,3.0729838709677417,2388.0,80.0,3.0,2.0,0.0347571189279732,1
69f25e61522f6bea7501ff8e,957c38fe-32e3-45c3-afcf-7735d08e22d4,2026-04-29 19:38:22.027,router wifi,MX,MX,es,"['google_trends', 'youtube', 'aliexpress']",MX,MXN,ES,41.712,94.48,Computer & Office,31,57.61290322580645,100,39,17.364095944131076,2026-03-30,99,2026-04-29,43,-1.0044354838709677,1881.0,62.0,3.0,6.0,0.03455608718766613,3
69f25f55522f6bea7501ffc2,17da1980-b4cf-4c2b-8f4c-d3ac236dbb55,2026-04-29 19:42:20.179,repetidor wifi,MX,MX,es,"['google_trends', 'youtube', 'aliexpress']",MX,MXN,ES,53.705,93.56,Computer & Office,31,68.96774193548387,100,46,14.093695685110983,2026-03-30,94,2026-04-29,54,-0.7443548387096774,37841.0,2835.0,64.0,6.0,0.0766100261620993,0
69f2609a522f6bea7501fff6,7948d084-9ae1-4556-b797-54bcafb97929,2026-04-29 19:46:23.813,teclado inalambrico,MX,MX,es,"['google_trends', 'youtube', 'aliexpress']",MX,MXN,ES,212.013,93.12,Computer & Office,31,39.935483870967744,100,0,25.79526504854585,2026-03-30,0,2026-04-29,44,0.4479838709677419,8077.0,140.0,2.0,12.0,0.017580784944905288,3
69f276f9522f6bea75020030,aa74eb54-5329-4502-af4e-7d1daae1a881,2026-04-29 21:23:18.592,mouse ergonomico,MX,MX,es,"['google_trends', 'youtube', 'aliexpress']",MX,MXN,ES,52.587,60.29,Computer & Office,31,19.774193548387096,100,0,23.373360445058463,2026-03-30,0,2026-04-29,31,1.6467741935483868,5353.0,100.0,9.0,4.0,0.02036241359985055,3
69f277e3522f6bea75020062,34cd847d-1d28-49b3-a1e8-96c288c4e0c4,2026-04-29 21:27:15.868,alfombrilla mouse,MX,MX,es,"['google_trends', 'youtube', 'aliexpress']",MX,MXN,ES,97.304,94.68,Computer & Office,31,10.741935483870968,100,0,25.98841760212356,2026-03-30,0,2026-04-29,0,0.6778225806451611,2313.0,30.0,2.0,4.0,0.013834846519671422,3
69f278ce522f6bea75020094,7241ddcb-61fc-4774-9555-7243adb87da9,2026-04-29 21:31:09.692,silla ergonomica,MX,MX,es,"['google_trends', 'youtube', 'aliexpress']",MX,MXN,ES,2813.385,0.0,Furniture,31,33.806451612903224,100,0,34.39517345485042,2026-03-30,0,2026-04-29,59,2.981854838709678,41146.0,1284.0,106.0,30.0,0.033782141641957905,2
69f279df522f6bea750200e0,0bb54b2b-60a5-4f65-9e85-deed8a1ce743,2026-04-29 21:35:07.237,mesa plegable,MX,MX,es,"['google_trends', 'youtube', 'aliexpress']",MX,MXN,ES,70.05499999999999,94.75,Furniture,31,71.03225806451613,100,42,11.19370022517947,2026-03-30,77,2026-04-29,54,-0.5911290322580646,96970.0,1435.0,118.0,29.0,0.01601526245230484,3
69f27ad1522f6bea7502012b,848ab481-e5ce-43e9-b472-564072e52ff6,2026-04-29 21:39:39.638,soporte laptop,MX,MX,es,"['google_trends', 'youtube', 'aliexpress']",MX,MXN,ES,93.573,93.7,Computer & Office,31,40.12903225806452,100,0,42.91677367143984,2026-03-30,0,2026-04-29,84,3.954435483870968,15337.0,512.0,31.0,22.0,0.03540457716632979,1
69f27bdb522f6bea7502016f,9e39ce02-b027-4da5-bf5a-c7558d9c5623,2026-04-29 21:43:41.197,ventilador de torre,MX,MX,es,"['google_trends', 'youtube', 'aliexpress']",MX,MXN,ES,1023.55,0.0,Home & Garden,31,31.387096774193548,100,0,27.54351396046486,2026-03-30,0,2026-04-29,100,2.4689516129032256,451204.0,1613.0,25.0,31.0,0.003630286965541086,2
69f27cc3522f6bea750201b3,2d7430ce-0990-4cc9-b799-cfcf12a59430,2026-04-29 21:48:07.319,aire acondicionado portatil,MX,MX,es,"['google_trends', 'youtube', 'aliexpress']",MX,MXN,ES,20.062,93.63,"Automobiles, Parts & Accessories",31,23.774193548387096,100,0,25.78463324982453,2026-03-30,0,2026-04-29,100,2.168548387096774,15181.0,196.0,5.0,7.0,0.013240234503655886,1
69f27dd0522f6bea750201e8,25a02de5-a19c-454c-ab38-83ad6011812e,2026-04-29 21:51:57.301,calefactor electrico,MX,MX,es,"['google_trends', 'youtube', 'aliexpress']",MX,MXN,ES,77.889,91.3,Consumer Electronics,31,28.193548387096776,100,0,39.56380446387726,2026-03-30,0,2026-04-29,69,2.70766129032258,3414255.0,88521.0,1247.0,16.0,0.026292119364253696,1
69f27eb5522f6bea75020226,74de9bb8-9d39-4085-a166-74df6306d72a,2026-04-29 21:56:27.379,humidificador,MX,MX,es,"['google_trends', 'youtube', 'aliexpress']",MX,MXN,ES,59.223,90.06,Home Appliances,31,58.2258064516129,100,0,19.60562789510426,2026-03-30,86,2026-04-29,70,-0.2004032258064516,,,,,0.0,3
69f28038522f6bea75020254,5d844869-5bb5-47fa-8c98-78996af5dca7,2026-04-29 22:00:14.369,deshumidificador,MX,MX,es,"['google_trends', 'youtube', 'aliexpress']",MX,MXN,ES,452.241,38.74,Home & Garden,31,29.61290322580645,100,0,30.33774043371813,2026-03-30,0,2026-04-29,56,2.547983870967742,,,,,0.0,2
69f280f2522f6bea75020282,3a5f8389-ac9d-4be3-a307-0fbf035676a8,2026-04-29 22:06:41.471,difusor de aromas,MX,MX,es,"['google_trends', 'youtube', 'aliexpress']",MX,MXN,ES,121.821,92.59,Home Appliances,31,35.29032258064516,100,0,38.15598996084983,2026-03-30,0,2026-04-29,54,3.412903225806452,,,,,0.0,1
69f281d4522f6bea750202b0,e73a519a-c756-4c5f-be26-c0bf01330541,2026-04-29 22:09:48.190,colchon inflable,MX,MX,es,"['google_trends', 'youtube', 'aliexpress']",MX,MXN,ES,54.839,93.75,Sports & Entertainment,31,46.80645161290322,100,0,21.865374994632813,2026-03-30,82,2026-04-29,36,-1.4076612903225805,,,,,0.0,3
69f282b9522f6bea750202de,b20937e7-8fa7-4d26-b5c8-f364ff15cf94,2026-04-29 22:13:33.949,saco de dormir,MX,MX,es,"['google_trends', 'youtube', 'aliexpress']",MX,MXN,ES,217.21400000000003,54.75,Mother & Kids,31,35.41935483870968,100,0,38.938219607945086,2026-03-30,0,2026-04-29,83,3.5826612903225805,,,,,0.0,1
69f283cb522f6bea7502030c,43bbc628-78e8-4e83-81a1-6e8e7d993e6f,2026-04-29 22:17:23.110,tienda de campaña,MX,MX,es,"['google_trends', 'youtube', 'aliexpress']",MX,MXN,ES,57.297,93.8,Home & Garden,31,19.483870967741936,100,0,24.10652880824603,2026-03-30,0,2026-04-29,23,0.1032258064516128,,,,,0.0,3
69f284b3522f6bea7502033a,bfdbf103-5a46-433e-98dd-6165581abbae,2026-04-29 22:21:56.561,linterna frontal,MX,MX,es,"['google_trends', 'youtube', 'aliexpress']",MX,MXN,ES,62.35555555555556,92.86666666666666,Lights & Lighting,31,8.774193548387096,100,0,27.348015988269125,2026-03-30,0,2026-04-29,90,1.145967741935484,,,,,0.0,3
69f28599522f6bea75020367,6192ba02-1814-49c7-9370-d3354aeba636,2026-04-29 22:25:48.919,navaja multiusos,MX,MX,es,"['google_trends', 'youtube', 'aliexpress']",MX,MXN,ES,22.634,94.2,Tools,31,32.25806451612903,100,0,37.46017239854926,2026-03-30,0,2026-04-29,60,3.2112903225806453,,,,,0.0,1
69f2867e522f6bea75020395,c58dc1ab-ed76-4ce0-81f6-e970e233e2cc,2026-04-29 22:29:39.006,kit primeros auxilios,MX,MX,es,"['google_trends', 'youtube', 'aliexpress']",MX,MXN,ES,13.013,95.83,Security & Protection,31,30.548387096774192,100,0,35.979474435366086,2026-03-30,0,2026-04-29,51,2.927419354838709,,,,,0.0,1
69f2878b522f6bea750203c3,2281aacf-da50-47aa-af62-754e7156dc70,2026-04-29 22:33:28.307,mochila escolar,MX,MX,es,"['google_trends', 'youtube', 'aliexpress']",MX,MXN,ES,103.934,95.89,Luggage & Bags,31,38.2258064516129,100,0,41.07043517131625,2026-03-30,0,2026-04-29,59,3.8528225806451606,,,,,0.0,1
69f28896522f6bea750203f1,ec6949cc-ba8f-4b5b-bda0-c3fbd193127d,2026-04-29 22:37:57.372,bolsa de gimnasio,MX,MX,es,"['google_trends', 'youtube', 'aliexpress']",MX,MXN,ES,28.138,92.86,Home & Garden,31,9.096774193548388,100,0,28.34002451035129,2026-03-30,0,2026-04-29,100,1.3951612903225807,,,,,0.0,3
69f2897d522f6bea7502041f,01d65074-faf9-45b4-b64f-c0b9a2288a28,2026-04-29 22:42:24.008,maleta de viaje,MX,MX,es,"['google_trends', 'youtube', 'aliexpress']",MX,MXN,ES,19.81,92.82,Luggage & Bags,31,47.32258064516129,100,0,18.000716831604592,2026-03-30,91,2026-04-29,43,-0.8165322580645161,,,,,0.0,3
69f28a64522f6bea7502044d,19665c17-47b1-42e3-a086-ab3db84b4577,2026-04-29 22:46:14.817,candado seguridad,MX,MX,es,"['google_trends', 'youtube', 'aliexpress']",MX,MXN,ES,129.26,0.0,Home Improvement,31,27.774193548387096,100,0,29.262842966715034,2026-03-30,0,2026-04-29,39,2.4137096774193547,,,,,0.0,2
69f28b54522f6bea75020472,84f412c3-cae5-4ed8-abaf-7981f9beee76,2026-04-29 22:50:05.622,balanza digital,MX,MX,es,"['google_trends', 'youtube', 'aliexpress']",MX,MXN,ES,47.387,93.78,Tools,31,30.06451612903226,100,0,38.35529992397484,2026-03-30,0,2026-04-29,49,2.765725806451613,,,,,0.0,1
69f28c64522f6bea750204a0,b8a95bfb-e88c-4ed5-8840-f3815cb121ab,2026-04-29 22:54:06.409,bascula cocina,MX,MX,es,"['google_trends', 'youtube', 'aliexpress']",MX,MXN,ES,49.238,94.41,Home & Garden,31,39.74193548387097,100,0,42.4452335305434,2026-03-30,0,2026-04-29,66,4.026209677419355,,,,,0.0,1
69f28e2f522f6bea750204ce,bb1ea614-2b80-4ece-a312-bdae0af9ff85,2026-04-29 23:02:19.580,oximetro,MX,MX,es,"['google_trends', 'youtube', 'aliexpress']",MX,MXN,ES,45.18888888888889,94.25555555555556,Beauty & Health,31,67.80645161290323,100,45,9.89417119600798,2026-03-30,62,2026-04-29,60,-0.4108870967741934,,,,,0.0,3
69f28f18522f6bea750204fb,2a13e7ac-a11b-4455-81ee-42ecca43f809,2026-04-29 23:06:16.622,masajeador electrico,MX,MX,es,"['google_trends', 'youtube', 'aliexpress']",MX,MXN,ES,663.7566666666667,0.0,Industrial & Business,31,37.03225806451613,100,0,40.158422836699934,2026-03-30,0,2026-04-29,75,3.628225806451613,31290.0,234.0,20.0,21.0,0.00811760945989134,2
69f290d9522f6bea75020537,1b6d74c8-c018-4739-b469-89b75d8a7db9,2026-04-29 23:13:53.512,rodillo masaje,MX,MX,es,"['google_trends', 'youtube', 'aliexpress']",MX,MXN,ES,22.473,91.86,Beauty & Health,31,35.516129032258064,100,0,39.31485806302916,2026-03-30,0,2026-04-29,74,3.525403225806452,,,,,0.0,1
69f292a6522f6bea75020565,44f0941b-e9d5-42aa-b439-8f11b4057c54,2026-04-29 23:21:22.807,mancuernas,MX,MX,es,"['google_trends', 'youtube', 'aliexpress']",MX,MXN,ES,16.988,93.63,Sports & Entertainment,31,70.80645161290323,100,32,16.62411773065207,2026-03-30,70,2026-04-29,71,-0.1830645161290321,,,,,0.0,3
69f2938f522f6bea75020593,f2124c2d-9f44-44ef-870c-291eb3dbeda5,2026-04-29 23:25:20.635,kettlebell,MX,MX,es,"['google_trends', 'youtube', 'aliexpress']",MX,MXN,ES,21.447,96.94,Jewelry & Accessories,31,31.870967741935484,100,0,30.62650479076783,2026-03-30,0,2026-04-29,39,0.6185483870967743,,,,,0.0,3
69f2955c522f6bea750205c1,58525ebf-a4ba-4a89-85df-64b1461869c7,2026-04-29 23:32:57.649,bloques yoga,MX,MX,es,"['google_trends', 'youtube', 'aliexpress']",MX,MXN,ES,91.794,19.0,Sports & Entertainment,31,27.483870967741936,100,0,38.97252961402594,2026-03-30,0,2026-04-29,57,2.633870967741936,,,,,0.0,2
69f2966a522f6bea750205ea,95b644ea-abf8-47df-b363-0152e81b077d,2026-04-29 23:36:53.260,rueda abdominal,MX,MX,es,"['google_trends', 'youtube', 'aliexpress']",MX,MXN,ES,71.27000000000001,95.12,Beauty & Health,31,35.16129032258065,100,0,38.60060170014067,2026-03-30,0,2026-04-29,63,3.434274193548387,,,,,0.0,1
69f29757522f6bea75020618,6776dbb0-e19f-44b4-bff4-85c87d1a6455,2026-04-29 23:41:23.769,cuerda para saltar,MX,MX,es,"['google_trends', 'youtube', 'aliexpress']",MX,MXN,ES,83.10428571428572,53.94285714285714,Sports & Entertainment,31,33.774193548387096,100,0,31.02226047794213,2026-03-30,0,2026-04-29,36,1.458467741935484,,,,,0.0,3
69f29841522f6bea75020643,3e6a4c39-ddc1-4d02-adbd-1dd0ec3780fa,2026-04-29 23:45:20.799,casco bicicleta,MX,MX,es,"['google_trends', 'youtube', 'aliexpress']",MX,MXN,ES,103.268,93.84,Motorcycle Equipments & Parts,31,39.29032258064516,100,0,42.01840354605515,2026-03-30,0,2026-04-29,64,3.833870967741936,,,,,0.0,1
69f2992a522f6bea75020671,588d3673-61e5-4721-991e-d7dce131f424,2026-04-29 23:49:14.859,luces bicicleta,MX,MX,es,"['google_trends', 'youtube', 'aliexpress']",MX,MXN,ES,56.248000000000005,93.53,Sports & Entertainment,31,9.838709677419354,100,0,18.153230702721668,2026-03-30,0,2026-04-29,12,0.5830645161290322,,,,,0.0,3
69f29a17522f6bea7502069f,392878b8-9216-4c56-b0cc-a1dca61e0d9e,2026-04-29 23:53:07.760,bomba de aire,MX,MX,es,"['google_trends', 'youtube', 'aliexpress']",MX,MXN,ES,36.664,82.24,Home & Garden,31,67.80645161290323,100,51,13.290145107907865,2026-03-30,86,2026-04-29,75,-0.6233870967741935,,,,,0.0,3
69f29c37522f6bea750206cd,f1c01bc4-8b2b-4d8a-bb10-0f3a08521cef,2026-04-30 00:00:56.372,patines en linea,MX,MX,es,"['google_trends', 'youtube', 'aliexpress']",MX,MXN,ES,81.45599999999999,95.1,Shoes,31,33.41935483870968,100,0,38.99895228810502,2026-03-30,0,2026-04-29,45,3.538306451612903,,,,,0.0,1
69f29d1f522f6bea750206fb,f93acb9e-be38-412b-bfc9-97f6d1cc2a70,2026-04-30 00:06:08.893,skateboard,MX,MX,es,"['google_trends', 'youtube', 'aliexpress']",MX,MXN,ES,18.11555555555556,97.76666666666668,Home Improvement,31,32.03225806451613,100,0,31.053162878057734,2026-03-30,88,2026-04-29,32,0.3012096774193548,,,,,0.0,3
69f29e0c522f6bea75020728,b65dc945-beca-461f-b417-dcfc3a8a1f5b,2026-04-30 00:10:01.168,balon futbol,MX,MX,es,"['google_trends', 'youtube', 'aliexpress']",MX,MXN,ES,28.709,93.24,Sports & Entertainment,31,65.19354838709677,100,34,17.671859654714158,2026-03-30,36,2026-04-29,86,1.3737903225806452,,,,,0.0,3
69f29ef9522f6bea75020756,df4c5ce1-c5e9-4b69-9dad-ba805628161a,2026-04-30 00:13:57.806,balon baloncesto,MX,MX,es,"['google_trends', 'youtube', 'aliexpress']",MX,MXN,ES,19.968,93.11,Sports & Entertainment,31,28.387096774193548,100,0,35.648915289112544,2026-03-30,0,2026-04-29,43,2.6826612903225806,,,,,0.0,1
69f2a005522f6bea75020784,67ef8d0c-e42e-400f-8f4e-4e2a924035d1,2026-04-30 00:17:55.466,balon voleibol,MX,MX,es,"['google_trends', 'youtube', 'aliexpress']",MX,MXN,ES,30.522,95.0,Sports & Entertainment,31,21.225806451612904,100,0,24.05370335647487,2026-03-30,0,2026-04-29,30,1.4782258064516132,,,,,0.0,3
69f2a1d9522f6bea750207b2,891a82d4-67c8-461f-8455-10abfa43f5ba,2026-04-30 00:26:15.069,raqueta tenis,MX,MX,es,"['google_trends', 'youtube', 'aliexpress']",MX,MXN,ES,40.422,95.56,Sports & Entertainment,31,31.741935483870968,100,0,35.48705655299829,2026-03-30,0,2026-04-29,43,2.6673387096774195,,,,,0.0,1
69f2a2ca522f6bea750207e0,7e25ebe5-28ef-4b69-938f-8c60aae98d90,2026-04-30 00:30:10.757,mesa ping pong,MX,MX,es,"['google_trends', 'youtube', 'aliexpress']",MX,MXN,ES,90.91,97.27,Sports & Entertainment,31,37.483870967741936,100,0,42.37992525378176,2026-03-30,0,2026-04-29,83,3.947580645161291,,,,,0.0,1
69f2a3bd522f6bea7502080e,fcc8551f-d6d8-469a-b77c-bdf8ca4d00e8,2026-04-30 00:34:11.855,dardos,MX,MX,es,"['google_trends', 'youtube', 'aliexpress']",MX,MXN,ES,15.851,92.81,Toys & Hobbies,31,63.41935483870968,100,0,27.441785891286774,2026-03-30,0,2026-04-29,77,1.0858870967741936,,,,,0.0,3
69f2a4ae522f6bea7502083c,944266c5-eeba-4b4e-99b4-6b6c8c76390c,2026-04-30 00:38:14.958,juego cartas,MX,MX,es,"['google_trends', 'youtube', 'aliexpress']",MX,MXN,ES,27.422222222222224,93.05555555555556,Sports & Entertainment,31,61.03225806451613,100,37,17.2616798544594,2026-03-30,59,2026-04-29,46,-0.6407258064516129,,,,,0.0,3
69f2a5e4522f6bea75020869,4afe77fd-03ca-4014-b998-de2cc07049d9,2026-04-30 00:42:15.837,rompecabezas,MX,MX,es,"['google_trends', 'youtube', 'aliexpress']",MX,MXN,ES,17.693,90.34,Toys & Hobbies,31,82.7741935483871,100,57,12.13180304659164,2026-03-30,72,2026-04-29,82,0.5048387096774194,,,,,0.0,3
69f2a6c9522f6bea75020897,68784fca-d320-4563-a12f-2aa1e81f7c41,2026-04-30 00:47:26.104,figuras coleccionables,MX,MX,es,"['google_trends', 'youtube', 'aliexpress']",MX,MXN,ES,84.7911111111111,85.3111111111111,Toys & Hobbies,31,33.774193548387096,100,0,39.08768747096657,2026-03-30,0,2026-04-29,54,3.511290322580645,,,,,0.0,1
69f2a89d522f6bea750208c4,1e346986-640c-4e1f-8659-71bfa42f7010,2026-04-30 00:55:05.813,set de pintura,MX,MX,es,"['google_trends', 'youtube', 'aliexpress']",MX,MXN,ES,17.528,95.1,Office & School Supplies,31,27.967741935483872,100,0,37.65411342821015,2026-03-30,0,2026-04-29,56,2.84274193548387,,,,,0.0,1
69f2aaa4522f6bea750208f2,94c6abd8-fc38-4eaa-a361-70c371204bd6,2026-04-30 00:59:02.525,acuarelas,MX,MX,es,"['google_trends', 'youtube', 'aliexpress']",MX,MXN,ES,16.165,93.11,Office & School Supplies,31,62.096774193548384,100,0,24.25057365467145,2026-03-30,54,2026-04-29,81,0.9286290322580644,,,,,0.0,3
69f2abae522f6bea75020920,405dc01f-3a61-4fc4-a92a-03b059ddf4ca,2026-04-30 01:07:42.162,lapices de colores,MX,MX,es,"['google_trends', 'youtube', 'aliexpress']",MX,MXN,ES,13.105,94.12,Beauty & Health,31,31.677419354838708,100,0,36.45854915450714,2026-03-30,0,2026-04-29,53,3.3588709677419355,,,,,0.0,1
69f2ac94522f6bea7502094e,19ed0b81-3887-44ee-9748-331abd5628a5,2026-04-30 01:12:08.031,cuaderno notas,MX,MX,es,"['google_trends', 'youtube', 'aliexpress']",MX,MXN,ES,16.875,94.04,Office & School Supplies,31,6.032258064516129,100,0,17.816628695253097,2026-03-30,0,2026-04-29,7,-0.0616935483870968,,,,,0.0,3
69f2ad7f522f6bea7502097c,46bb27c2-fab6-4a54-a021-92b4a1513ad1,2026-04-30 01:15:57.779,agenda,MX,MX,es,"['google_trends', 'youtube', 'aliexpress']",MX,MXN,ES,36.019,97.18,Office & School Supplies,31,74.19354838709677,100,50,14.14548067956384,2026-03-30,66,2026-04-29,79,0.2483870967741935,,,,,0.0,3
69f2af66522f6bea750209aa,63646184-a78c-4dcc-a3bf-10730315c70a,2026-04-30 01:24:12.192,marcadores permanentes,MX,MX,es,"['google_trends', 'youtube', 'aliexpress']",MX,MXN,ES,14.644,93.33,Office & School Supplies,31,26.83870967741936,100,0,37.524300370287655,2026-03-30,0,2026-04-29,70,3.0004032258064512,,,,,0.0,1
69f2b052522f6bea750209d8,d4ae4b61-1008-44d6-971f-a8a0acdf4479,2026-04-30 01:27:59.800,pizarra blanca,MX,MX,es,"['google_trends', 'youtube', 'aliexpress']",MX,MXN,ES,19.226000000000003,92.43,Office & School Supplies,31,17.93548387096774,100,0,34.5976256255358,2026-03-30,0,2026-04-29,0,1.357258064516129,,,,,0.0,3
69f2b224522f6bea75020a06,4ccfbcec-aea6-4f18-af02-28b30f1443c0,2026-04-30 01:35:44.056,reloj de pared,MX,MX,es,"['google_trends', 'youtube', 'aliexpress']",MX,MXN,ES,25.711,92.54,Tools,31,37.70967741935484,100,0,31.573399720215008,2026-03-30,0,2026-04-29,44,1.547983870967742,,,,,0.0,3
69f2b32c522f6bea75020a34,792784e3-3799-426e-9848-7f1a179ac80b,2026-04-30 01:39:41.752,cuadro decorativo,MX,MX,es,"['google_trends', 'youtube', 'aliexpress']",MX,MXN,ES,36.87166666666666,50.0,Home & Garden,31,15.838709677419354,100,0,21.142527086725067,2026-03-30,0,2026-04-29,22,1.2717741935483873,,,,,0.0,3
69f2b4b5522f6bea75020a5e,485f6720-c517-44fd-86be-be2d67cc9190,2026-04-30 01:44:05.725,espejo decorativo,MX,MX,es,"['google_trends', 'youtube', 'aliexpress']",MX,MXN,ES,159.365,61.23,Home & Garden,31,30.774193548387096,100,0,37.91983621397413,2026-03-30,0,2026-04-29,0,2.9270161290322583,,,,,0.0,1
69f2b5a5522f6bea75020a8c,29cb1e94-0779-420b-a2b8-4922b1397542,2026-04-30 01:50:39.290,velas aromaticas,MX,MX,es,"['google_trends', 'youtube', 'aliexpress']",MX,MXN,ES,100.204,81.95,Home & Garden,31,42.0,100,0,31.411250638372653,2026-03-30,81,2026-04-29,49,0.5951612903225807,,,,,0.0,3
69f2b694522f6bea75020aba,f9533ca2-03a7-418d-8bff-b1e775da7528,2026-04-30 01:54:39.034,portavelas,MX,MX,es,"['google_trends', 'youtube', 'aliexpress']",MX,MXN,ES,26.768,94.17,Home & Garden,31,33.806451612903224,100,0,38.81444692794914,2026-03-30,0,2026-04-29,57,3.466129032258064,,,,,0.0,1
69f2b94f522f6bea75020ae8,30a4bebb-ad1a-4764-a36a-b11e417f2a5b,2026-04-30 02:02:16.141,plantas artificiales,MX,MX,es,"['google_trends', 'youtube', 'aliexpress']",MX,MXN,ES,14.147,92.14,Home & Garden,31,21.32258064516129,100,0,24.95247094881813,2026-03-30,0,2026-04-29,24,0.8008064516129032,,,,,0.0,3
69f2ba54522f6bea75020b16,723aa907-f5cc-4831-a5d3-1f6a877136bd,2026-04-30 02:10:17.261,maceta ceramica,MX,MX,es,"['google_trends', 'youtube', 'aliexpress']",MX,MXN,ES,245.545,19.6,Home & Garden,31,33.25806451612903,100,0,38.59617229893441,2026-03-30,0,2026-04-29,81,3.611290322580645,,,,,0.0,2
69f2bb37522f6bea75020b44,e6774b75-7023-4c9b-a87f-d61b35b010ad,2026-04-30 02:14:37.865,regadera jardin,MX,MX,es,"['google_trends', 'youtube', 'aliexpress']",MX,MXN,ES,25.281,93.67,Lights & Lighting,31,25.161290322580644,100,0,33.27070460549696,2026-03-30,0,2026-04-29,58,2.8987903225806457,,,,,0.0,1
69f2bc19522f6bea75020b72,702d09a0-352b-4c9a-a7a5-0d665474d6d2,2026-04-30 02:18:24.943,herramientas jardin,MX,MX,es,"['google_trends', 'youtube', 'aliexpress']",MX,MXN,ES,100.446,94.25,Home & Garden,31,6.161290322580645,100,0,23.8776000667202,2026-03-30,0,2026-04-29,0,0.7443548387096776,,,,,0.0,3
69f2bde0522f6bea75020ba0,8907fc6c-9412-4cf4-af40-45cd181f98e1,2026-04-30 02:25:48.428,tijeras podar,MX,MX,es,"['google_trends', 'youtube', 'aliexpress']",MX,MXN,ES,552.929,0.0,Tools,31,37.903225806451616,100,0,43.12103495875277,2026-03-30,0,2026-04-29,85,3.980241935483871,,,,,0.0,2
69f2bfa5522f6bea75020bce,be1d6aac-0d89-4b75-be6b-4b6348c23238,2026-04-30 02:33:30.565,manguera jardin,MX,MX,es,"['google_trends', 'youtube', 'aliexpress']",MX,MXN,ES,21.209,93.74,Lights & Lighting,31,15.903225806451612,100,0,21.17601605387516,2026-03-30,0,2026-04-29,28,0.8596774193548387,,,,,0.0,3
69f2c08c522f6bea75020bfc,bb79d577-6cab-44fd-a185-8d71f4458685,2026-04-30 02:37:19.305,aspersor agua,MX,MX,es,"['google_trends', 'youtube', 'aliexpress']",MX,MXN,ES,126.56,0.0,Home & Garden,31,30.83870967741936,100,0,36.16268497977212,2026-03-30,0,2026-04-29,76,3.4475806451612905,,,,,0.0,2
69f2c2a8522f6bea75020c21,0c6f9f26-a3fa-4986-9bd1-c4a5e5712000,2026-04-30 02:46:13.482,parrilla carbon,MX,MX,es,"['google_trends', 'youtube', 'aliexpress']",MX,MXN,ES,25.897,93.22,"Automobiles, Parts & Accessories",31,9.451612903225806,100,0,18.2644257317833,2026-03-30,0,2026-04-29,9,0.2991935483870969,,,,,0.0,3
69f2c393522f6bea75020c4f,a5ab7a57-7294-4992-957a-e24f873a1a51,2026-04-30 02:50:10.016,nevera portatil,MX,MX,es,"['google_trends', 'youtube', 'aliexpress']",MX,MXN,ES,49.697,94.13,Home & Garden,31,6.32258064516129,100,0,24.47908916711594,2026-03-30,0,2026-04-29,0,0.6,,,,,0.0,3
69f2c47e522f6bea75020c7d,3fdc93b2-4ac5-4365-b01f-3b5362be3fb7,2026-04-30 02:54:04.603,utensilios cocina,MX,MX,es,"['google_trends', 'youtube', 'aliexpress']",MX,MXN,ES,21.174,90.6,Home & Garden,31,47.483870967741936,100,0,39.18407071565513,2026-03-30,0,2026-04-29,76,2.5056451612903228,,,,,0.0,1
69f2c561522f6bea75020cab,fa32d7ad-8139-4bc8-bf4a-46230c6f0f26,2026-04-30 02:57:59.607,delantal cocina,MX,MX,es,"['google_trends', 'youtube', 'aliexpress']",MX,MXN,ES,19.381,94.31,Home & Garden,31,18.096774193548388,100,0,32.157274800278785,2026-03-30,0,2026-04-29,0,1.975403225806452,,,,,0.0,1
69f2c730522f6bea75020cd9,91127b2b-0272-477d-ae8b-59d2aec22957,2026-04-30 03:01:46.732,reloj despertador,MX,MX,es,"['google_trends', 'youtube', 'aliexpress']",MX,MXN,ES,24.785,79.77000000000001,Home & Garden,31,16.06451612903226,100,0,21.411734296674755,2026-03-30,0,2026-04-29,32,0.8774193548387097,,,,,0.0,3
69f2c81c522f6bea75020d07,d6027cf5-7956-49d4-a804-45252fb41028,2026-04-30 03:09:30.317,lampara nocturna,MX,MX,es,"['google_trends', 'youtube', 'aliexpress']",MX,MXN,ES,88.867,95.69,Lights & Lighting,31,3.225806451612903,100,0,17.960530202677486,2026-03-30,0,2026-04-29,0,-0.0403225806451612,,,,,0.0,3
69f2c901522f6bea75020d35,d996d422-a2bc-41a0-a6b2-6293441fd3f6,2026-04-30 03:13:25.935,cortinas tela,MX,MX,es,"['google_trends', 'youtube', 'aliexpress']",MX,MXN,ES,11.339,82.53,Home & Garden,31,15.258064516129032,100,0,21.660975265725355,2026-03-30,0,2026-04-29,17,0.905241935483871,,,,,0.0,3
69f2c9f0522f6bea75020d63,a32e34a0-63ef-43d3-a15c-9ebe71909836,2026-04-30 03:17:15.330,alfombra sala,MX,MX,es,"['google_trends', 'youtube', 'aliexpress']",MX,MXN,ES,93.589,21.33,Home & Garden,31,33.54838709677419,100,0,38.83541228456095,2026-03-30,0,2026-04-29,53,3.5193548387096767,,,,,0.0,2
69f2cb74522f6bea75020d91,99f65a84-478f-4613-ac35-9dce8338735b,2026-04-30 03:21:14.064,cojines decorativos,MX,MX,es,"['google_trends', 'youtube', 'aliexpress']",MX,MXN,ES,96.723,78.92999999999999,Home & Garden,31,28.93548387096774,100,0,34.09099146291775,2026-03-30,0,2026-04-29,54,3.043548387096775,,,,,0.0,1
69f2cc60522f6bea75020dbf,28b37e44-1316-4bd0-8b1b-782c4a5f4e2c,2026-04-30 03:27:42.080,fundas cojin,MX,MX,es,"['google_trends', 'youtube', 'aliexpress']",MX,MXN,ES,33.009,94.44,Home & Garden,31,11.612903225806452,100,0,28.343932236435645,2026-03-30,0,2026-04-29,44,0.8633064516129032,,,,,0.0,3
69f2cd4e522f6bea75020ded,7d9f4500-59a4-480c-9ee1-a6b3a756a71e,2026-04-30 03:31:37.439,ropa de cama,MX,MX,es,"['google_trends', 'youtube', 'aliexpress']",MX,MXN,ES,78.22857142857143,56.1,Home & Garden,31,26.225806451612904,100,0,29.021497408437718,2026-03-30,0,2026-04-29,44,2.312903225806452,,,,,0.0,1
69f2ce36522f6bea75020e18,1004f96b-e14d-4c09-94c1-6976bd5a8325,2026-04-30 03:35:35.677,edredon,MX,MX,es,"['google_trends', 'youtube', 'aliexpress']",MX,MXN,ES,40.292,93.47,Home & Garden,31,66.64516129032258,100,39,11.833704370981431,2026-03-30,83,2026-04-29,59,-0.6326612903225807,,,,,0.0,3
69f2cf3e522f6bea75020e46,478084fe-f2d2-4e03-8a6c-cbee0053b7a8,2026-04-30 03:39:27.648,mantas,MX,MX,es,"['google_trends', 'youtube', 'aliexpress']",MX,MXN,ES,43.461,92.16,Home & Garden,31,35.87096774193548,100,0,34.31592626899243,2026-03-30,0,2026-04-29,56,2.564112903225806,,,,,0.0,1
69f2d02a522f6bea75020e74,cee6cc5f-56c2-47e7-9360-bc6afb2d4dc9,2026-04-30 03:43:51.905,organizadores ropa,MX,MX,es,"['google_trends', 'youtube', 'aliexpress']",MX,MXN,ES,2846.011,9.57,Furniture,31,4.483870967741935,100,0,17.888303380965517,2026-03-30,0,2026-04-29,0,-0.2862903225806451,,,,,0.0,2
69f2d1f2522f6bea75020ea2,f696c3ee-16f9-469b-add6-3fd16f1a1b46,2026-04-30 03:51:29.246,zapatero,MX,MX,es,"['google_trends', 'youtube', 'aliexpress']",MX,MXN,ES,14.776,94.91,Shoes,31,68.96774193548387,100,44,13.8888057345181,2026-03-30,88,2026-04-29,53,-0.6725806451612903,,,,,0.0,3
69f2d2ad522f6bea75020ed0,77b3c65a-9df7-4cda-bd96-c98d7b5b5b48,2026-04-30 03:55:23.711,caja organizadora,MX,MX,es,"['google_trends', 'youtube', 'aliexpress']",MX,MXN,ES,43.476,93.6,Home & Garden,31,24.193548387096776,100,0,26.125873962847265,2026-03-30,0,2026-04-29,50,1.774596774193548,,,,,0.0,1
69f2d393522f6bea75020efe,1023bff0-1549-428c-a4bb-64353e4232c2,2026-04-30 03:58:30.608,estanteria metalica,MX,MX,es,"['google_trends', 'youtube', 'aliexpress']",MX,MXN,ES,24.784,91.97,Home & Garden,31,4.32258064516129,100,0,17.889265117707126,2026-03-30,0,2026-04-29,0,-0.2995967741935483,,,,,0.0,3
69f2d4d0522f6bea75020f2c,f05b66ad-dfab-40f8-a0ce-c3468d2372e8,2026-04-30 04:02:20.549,carrito organizador,MX,MX,es,"['google_trends', 'youtube', 'aliexpress']",MX,MXN,ES,41.834,93.09,Home & Garden,31,13.193548387096774,100,0,19.69334803910313,2026-03-30,100,2026-04-29,15,0.4326612903225804,,,,,0.0,3
69f2d5b6522f6bea75020f5a,008430fa-8c2c-48c5-95a0-343f891cc046,2026-04-30 04:07:37.703,dispensador agua,MX,MX,es,"['google_trends', 'youtube', 'aliexpress']",MX,MXN,ES,736.5719999999999,48.82,Home & Garden,31,80.70967741935483,100,62,10.611922692227196,2026-03-30,74,2026-04-29,100,0.2116935483870967,,,,,0.0,2
69f2d6a9522f6bea75020f88,994640f2-1c08-44d1-9ccd-2e7cb7e96a4f,2026-04-30 04:11:28.245,purificador aire,MX,MX,es,"['google_trends', 'youtube', 'aliexpress']",MX,MXN,ES,1338.385,19.5,Home Appliances,31,47.61290322580645,100,0,39.84442865224266,2026-03-30,0,2026-04-29,92,2.069758064516129,,,,,0.0,2
69f2d797522f6bea75020fb6,f32e5f99-2392-4752-addd-cec1c2bfc320,2026-04-30 04:15:31.184,cafetera italiana,MX,MX,es,"['google_trends', 'youtube', 'aliexpress']",MX,MXN,ES,110.02,94.43,Home & Garden,31,40.41935483870968,100,0,45.62073665454369,2026-03-30,0,2026-04-29,77,4.163709677419355,,,,,0.0,1
69f2d87b522f6bea75020fe4,32bb5021-dd4c-4dd0-855e-34ebd19bd7f4,2026-04-30 04:19:29.056,tetera acero,MX,MX,es,"['google_trends', 'youtube', 'aliexpress']",MX,MXN,ES,25.7975,94.0875,Home & Garden,31,12.903225806451612,100,0,30.55961914979709,2026-03-30,0,2026-04-29,0,1.3125,,,,,0.0,3
69f2d961522f6bea75021010,18b3957d-cd55-4625-b678-c119724cec1c,2026-04-30 04:23:16.781,molinillo cafe,MX,MX,es,"['google_trends', 'youtube', 'aliexpress']",MX,MXN,ES,63.59400000000001,94.75,Home & Garden,31,18.64516129032258,100,0,35.5814074923939,2026-03-30,0,2026-04-29,0,1.8318548387096771,,,,,0.0,1
69f2da49522f6bea7502103e,10756748-6e87-4363-b7c8-0b4195027001,2026-04-30 04:27:06.515,espumador leche,MX,MX,es,"['google_trends', 'youtube', 'aliexpress']",MX,MXN,ES,839.604,0.0,Home Appliances,31,37.74193548387097,100,0,43.44879571935643,2026-03-30,0,2026-04-29,39,3.8362903225806457,,,,,0.0,2
69f2db38522f6bea7502106c,01b4c4ec-7e0b-4325-9ac5-eb0c35df5d78,2026-04-30 04:30:59.242,vajilla porcelana,MX,MX,es,"['google_trends', 'youtube', 'aliexpress']",MX,MXN,ES,22.017000000000003,92.22,Home & Garden,31,29.516129032258064,100,0,34.41401939882634,2026-03-30,0,2026-04-29,61,3.2491935483870966,,,,,0.0,1
69f2dc28522f6bea7502109a,06d6cc79-31a5-4f3d-a1a1-855bc7df6b8e,2026-04-30 04:34:58.200,vasos vidrio,MX,MX,es,"['google_trends', 'youtube', 'aliexpress']",MX,MXN,ES,30.514,94.6,Home & Garden,31,75.29032258064517,100,0,26.63856045708564,2026-03-30,79,2026-04-29,77,0.2407258064516128,,,,,0.0,3
69f2dd0c522f6bea750210c8,87f4b7ce-7875-46bc-9f6e-7284dc48b7d3,2026-04-30 04:38:58.262,copas vino,MX,MX,es,"['google_trends', 'youtube', 'aliexpress']",MX,MXN,ES,598.113,17.86,Home & Garden,31,35.87096774193548,100,0,40.59206978009693,2026-03-30,0,2026-04-29,75,3.8173387096774185,,,,,0.0,2
69f2ddf8522f6bea750210f6,058e96e7-b935-41cd-b765-22a951c53a61,2026-04-30 04:42:45.714,cubiertos acero,MX,MX,es,"['google_trends', 'youtube', 'aliexpress']",MX,MXN,ES,25.804,94.66,Home & Garden,31,29.83870967741936,100,0,37.21388340766883,2026-03-30,0,2026-04-29,0,3.0971774193548383,,,,,0.0,1
69f2dee0522f6bea75021124,ba54e681-6b37-4c0c-b046-d668dd664303,2026-04-30 04:46:42.057,abridor botellas,MX,MX,es,"['google_trends', 'youtube', 'aliexpress']",MX,MXN,ES,12.925,93.1,Home & Garden,31,3.225806451612903,100,0,17.960530202677486,2026-03-30,0,2026-04-29,0,0.0806451612903225,,,,,0.0,3
69f2dfc2522f6bea75021152,078b58f6-8636-4cba-ba82-9e672a731257,2026-04-30 04:50:34.222,sacacorchos,MX,MX,es,"['google_trends', 'youtube', 'aliexpress']",MX,MXN,ES,16.345,93.58,Home & Garden,31,30.032258064516128,100,0,35.73465532781657,2026-03-30,0,2026-04-29,70,3.1116935483870973,,,,,0.0,1
